edge_id,timestamp_i,timestamp_j,correspondence_success,correspondence_failure_reason,detector_type,keypoint_count_i,keypoint_count_j,raw_match_count,filtered_match_count,inlier_match_count,inlier_ratio,median_match_displacement,p90_match_displacement,match_angle_median,match_angle_dispersion,parallax_proxy,low_parallax_flag,near_static_flag,image_difference_mean,image_difference_p90,flow_success,flow_failure_reason,tracked_point_count,valid_flow_count,median_flow_magnitude,p90_flow_magnitude,flow_angle_median,flow_angle_dispersion,forward_backward_flow_consistency,gt_tmag
0,1745407684.847602,1745407684.898371,True,,ORB,1188,1188,1188,1188,1188,1.0,0.0,0.0,0.0,0.0,0.0,True,True,0.0,0.0,True,,554,554,0.0,0.0,0.0,0.0,1.0,0.025608014557947745
1,1745407684.898371,1745407684.948536,True,,ORB,1188,1186,1188,1079,1073,0.9944392956441149,0.0,0.0,0.0,6.51401948928833,0.10203790664672852,True,True,0.003069125348702073,0.007843137718737125,True,,554,554,0.10203790664672852,0.20982594788074493,87.08504486083984,46.37074661254883,1.0,0.1268146322133216
2,1745407684.948536,1745407684.99944,True,,ORB,1186,1187,1186,1160,1160,1.0,0.0,0.0,0.0,1.5457634925842285,0.0004496635519899428,True,True,0.0009170305565930903,0.003921568859368563,True,,524,524,0.0004496635519899428,0.09847508370876312,0.0,56.09059524536133,1.0,0.2186400226998709
3,1745407684.99944,1745407685.049989,True,,ORB,1187,1186,1187,1062,1062,1.0,0.0,0.0,0.0,7.056220531463623,0.10122448205947876,True,True,0.0028991654980927706,0.007843137718737125,True,,531,531,0.10122448205947876,0.21120944619178772,76.73381042480469,64.42340850830078,1.0,0.6577791349404453
4,1745407685.049989,1745407685.100162,True,,ORB,1186,1186,1186,1104,1104,1.0,0.0,0.0,0.0,4.311216354370117,0.0565330870449543,True,True,0.002097158692777157,0.003921568859368563,True,,531,531,0.0565330870449543,0.14219951629638672,85.33549499511719,57.44209671020508,1.0,0.45345601774439104
5,1745407685.100162,1745407685.150361,True,,ORB,1186,1185,1186,1152,1152,1.0,0.0,0.0,0.0,1.0293066501617432,0.003071719780564308,True,True,0.0009173559956252575,0.003921568859368563,True,,525,525,0.003071719780564308,0.07018853724002838,0.0,69.85762023925781,1.0,0.28310458586501297
6,1745407685.150361,1745407685.200694,True,,ORB,1185,1193,1185,423,358,0.8463356973995272,0.0,16.37498664855957,0.0,28.530994415283203,2.9369186295403376,False,False,0.07695340365171432,0.21176470816135406,True,,525,486,6.0225419998168945,41.091331481933594,28.12783432006836,90.05713653564453,0.4876543209876543,0.3351018363133865
7,1745407685.200694,1745407685.251619,True,,ORB,1193,1188,1193,362,256,0.7071823204419889,0.0,21.868803024291992,0.0,35.84213638305664,3.0817769359560048,False,False,0.059173621237277985,0.16470588743686676,True,,545,534,6.0725789070129395,43.983001708984375,0.0,77.13597106933594,0.5074906367041199,0.4384642701865327
8,1745407685.251619,1745407685.301971,True,,ORB,1188,1195,1188,407,407,1.0,0.0,19.253475189208984,0.0,26.45717430114746,3.3386935756987883,False,False,0.08459905534982681,0.239215686917305,True,,508,476,7.1265387535095215,47.57468032836914,16.84564971923828,91.81382751464844,0.4684873949579832,0.21187705574602164
9,1745407685.301971,1745407685.352192,True,,ORB,1195,1188,1195,354,265,0.748587570621469,0.0,26.399993896484375,0.0,34.436893463134766,1.7329118894727042,False,False,0.061311718076467514,0.1725490242242813,True,,548,534,3.24692964553833,34.914695739746094,0.0,79.08090209960938,0.5337078651685393,0.740239318259982
10,1745407685.352192,1745407685.4035,True,,ORB,1188,1200,1188,708,466,0.6581920903954802,8.517478942871094,10.57331657409668,-75.96375274658203,54.0899772644043,8.377587199447179,False,False,0.09032248705625534,0.2666666805744171,True,,534,505,8.925488471984863,11.808170318603516,-50.30588912963867,68.97254180908203,0.9386138613861386,0.6054111787727419
11,1745407685.4035,1745407685.45481,True,,ORB,1200,1200,1200,1165,1165,1.0,0.0,0.0,0.0,0.20220902562141418,0.0,True,True,0.004750536289066076,0.01568627543747425,True,,530,530,0.0,0.000657510245218873,0.0,40.370208740234375,0.9924528301886792,0.18140515773098573
12,1745407685.45481,1745407685.505618,True,,ORB,1200,1200,1200,797,582,0.7302383939774153,3.7947282791137695,5.1919989585876465,-45.0,52.70978927612305,3.9547680800815797,False,False,0.05776204541325569,0.16470588743686676,True,,533,530,4.007699966430664,6.180388450622559,-32.48704528808594,56.98846435546875,0.9867924528301887,0.6475016035567874
13,1745407685.505618,1745407685.555714,True,,ORB,1200,1200,1200,1200,1200,1.0,0.0,0.0,0.0,0.0,0.0,True,True,0.0,0.0,True,,556,556,0.0,0.0,0.0,0.0,1.0,0.40370845664018457
14,1745407685.555714,1745407685.605799,True,,ORB,1200,1200,1200,878,759,0.8644646924829157,2.0,2.985992431640625,0.0,20.208223342895508,1.7754641771316528,False,False,0.02196790650486946,0.05098039284348488,True,,556,556,1.7086553573608398,2.6748247146606445,13.350223541259766,19.411331176757812,0.9946043165467626,0.6416162183677306
15,1745407685.605799,1745407685.656396,True,,ORB,1200,1200,1200,1200,1200,1.0,0.0,0.0,0.0,0.0,0.0,True,True,0.0,0.0,True,,477,477,0.0,0.0,0.0,0.0,1.0,0.5690831001042066
16,1745407685.656396,1745407685.70775,True,,ORB,1200,1191,1200,831,741,0.8916967509025271,1.6891324520111084,2.932525157928467,0.0,30.780391693115234,1.4016069081150184,False,False,0.021380286663770676,0.05098039284348488,True,,477,476,1.4104965925216675,2.7561960220336914,22.714473724365234,29.058809280395508,0.9936974789915967,0.4346403016571611
17,1745407685.70775,1745407685.758142,True,,ORB,1191,1191,1191,1191,1191,1.0,0.0,0.0,0.0,0.0,0.0,True,True,0.0,0.0,True,,537,537,0.0,0.0,0.0,0.0,1.0,0.33556381228048465
18,1745407685.758142,1745407685.809113,True,,ORB,1191,1200,1191,818,714,0.8728606356968215,1.6970627307891846,3.018439531326294,45.0,45.590396881103516,1.3792579866080694,False,False,0.025685586035251617,0.062745101749897,True,,537,534,1.3818457126617432,3.442476987838745,43.046287536621094,48.48829650878906,0.99812734082397,0.3143844888317738
19,1745407685.809113,1745407685.859297,True,,ORB,1200,1198,1200,1087,1087,1.0,0.0,0.0,0.0,4.142446041107178,7.808094104302021e-05,True,True,0.004180664196610451,0.007843137718737125,True,,503,503,7.854942668927833e-05,0.9406941533088684,0.0,35.173095703125,0.9940357852882704,0.27234688445070937
20,1745407685.859297,1745407685.910138,True,,ORB,1198,1199,1198,838,740,0.883054892601432,1.7280025482177734,3.2199432849884033,90.0,44.08332824707031,1.3048019409179688,False,False,0.025161975994706154,0.05882352963089943,True,,506,505,1.1943228244781494,4.244682312011719,54.61324691772461,60.314571380615234,0.9841584158415841,0.37924426398474637
21,1745407685.910138,1745407685.960261,True,,ORB,1199,1200,1199,804,627,0.7798507462686567,2.4000015258789062,4.123105525970459,76.71766662597656,53.61198806762695,1.9836703093364985,False,False,0.03388405963778496,0.09803921729326248,True,,503,495,2.0671932697296143,5.637989521026611,69.11834716796875,65.47969055175781,0.9595959595959596,0.22288581997894333
22,1745407685.960261,1745407686.010842,True,,ORB,1200,1196,1200,987,987,1.0,0.0,2.0513198375701904,0.0,22.273937225341797,0.00048182903610628286,False,True,0.011746419593691826,0.0313725508749485,True,,578,577,0.000491193204652518,1.4333584308624268,0.0,76.7801513671875,0.9809358752166378,0.33110767705086586
23,1745407686.010842,1745407686.061911,True,,ORB,1196,1192,1196,713,499,0.699859747545582,6.0,8.012255668640137,90.0,51.53022384643555,5.417478810849987,False,False,0.07358448952436447,0.21176470816135406,True,,583,562,5.755431175231934,10.429149627685547,69.10676574707031,71.66670227050781,0.9412811387900356,0.2226236624421325
24,1745407686.061911,1745407686.111971,True,,ORB,1192,1192,1192,1192,1192,1.0,0.0,0.0,0.0,0.0,0.0,True,True,0.0,0.0,True,,545,545,0.0,0.0,0.0,0.0,1.0,0.16396387730601714
25,1745407686.111971,1745407686.162457,True,,ORB,1192,1196,1192,729,467,0.6406035665294925,6.0,8.0,90.0,54.67375946044922,5.345048904418945,False,False,0.07303822785615921,0.2078431397676468,True,,545,534,5.663206577301025,10.670220375061035,69.10325622558594,72.45415496826172,0.9438202247191011,0.11292347153100633
26,1745407686.162457,1745407686.213091,True,,ORB,1196,1196,1196,1196,1196,1.0,0.0,0.0,0.0,0.0,0.0,True,True,0.0,0.0,True,,536,536,0.0,0.0,0.0,0.0,1.0,0.14278476215343308
27,1745407686.213091,1745407686.263375,True,,ORB,1196,1197,1196,749,495,0.6608811748998665,5.999993801116943,8.012232780456543,90.0,57.40568542480469,5.430495955308892,False,False,0.0706736221909523,0.20392157137393951,True,,536,518,5.5924391746521,10.170733451843262,68.90985870361328,75.2878189086914,0.971042471042471,0.15749473023314775
28,1745407686.263375,1745407686.313718,True,,ORB,1197,1197,1197,1197,1197,1.0,0.0,0.0,0.0,0.0,0.0,True,True,0.0,0.0,True,,572,572,0.0,0.0,0.0,0.0,1.0,0.0733939357550722
29,1745407686.313718,1745407686.364697,True,,ORB,1197,1197,1197,772,501,0.6489637305699482,5.760005950927734,8.0,90.0,60.75775146484375,4.926204700773259,False,False,0.06720883399248123,0.20000000298023224,True,,572,566,5.153848171234131,11.01010513305664,64.51948547363281,79.81803131103516,0.9558303886925795,0.09061304539215821
30,1745407686.364697,1745407686.415451,True,,ORB,1197,1197,1197,1194,1194,1.0,0.0,0.0,0.0,0.13531409204006195,0.0,True,True,0.002047372981905937,0.0,True,,558,558,0.0,0.00022377025743480772,0.0,19.7674560546875,0.9982078853046595,0.05494121805274367
31,1745407686.415451,1745407686.466262,True,,ORB,1197,1200,1197,742,479,0.6455525606469003,5.067370414733887,7.338259696960449,90.0,63.08359909057617,4.078453504520914,False,False,0.061860714107751846,0.18431372940540314,True,,563,552,4.337777137756348,10.260845184326172,63.33656311035156,82.7695083618164,0.9402173913043478,0.03823414893409605
32,1745407686.466262,1745407686.517213,True,,ORB,1200,1192,1200,646,521,0.8065015479876161,0.6382325887680054,4.208072185516357,0.0,43.87470245361328,1.2963302659714881,False,False,0.03225884959101677,0.09803921729326248,True,,538,523,1.3921575546264648,5.668391704559326,20.24375343322754,94.77557373046875,0.9311663479923518,0.0479139772280473
33,1745407686.517213,1745407686.567884,True,,ORB,1192,1200,1192,641,532,0.8299531981279251,1.72796630859375,4.242640495300293,0.0,66.43073272705078,1.0902436971664429,False,False,0.01883961632847786,0.05098039284348488,True,,503,501,0.9386643171310425,3.428647041320801,38.222023010253906,86.12884521484375,0.9401197604790419,0.06238405770400585
34,1745407686.567884,1745407686.618806,True,,ORB,1200,1200,1200,798,631,0.7907268170426065,2.9592435359954834,4.636715888977051,90.0,60.2236442565918,1.9691523313522339,False,False,0.036224592477083206,0.10196078568696976,True,,567,560,1.915431261062622,6.2989068031311035,59.72266387939453,89.66727447509766,0.9785714285714285,0.029264770941021673
35,1745407686.618806,1745407686.669102,True,,ORB,1200,1200,1200,1200,1200,1.0,0.0,0.0,0.0,0.0,0.0,True,True,0.0,0.0,True,,549,549,0.0,0.0,0.0,0.0,1.0,0.04547963132847102
36,1745407686.669102,1745407686.72023,True,,ORB,1200,1200,1200,790,664,0.8405063291139241,2.4437673091888428,4.154776096343994,90.0,59.443138122558594,1.6367384195327759,False,False,0.02739732898771763,0.07058823853731155,True,,549,548,1.2967004776000977,5.359347343444824,63.60688018798828,88.85726165771484,0.9945255474452555,0.035010036474020165
37,1745407686.72023,1745407686.770878,True,,ORB,1200,1200,1200,1105,1105,1.0,0.0,0.0,0.0,3.555689573287964,0.00022760791106215213,True,True,0.005132353398948908,0.007843137718737125,True,,539,539,0.0002288818359375,0.9654901623725891,0.0,51.735694885253906,0.9944341372912802,0.027075915678413266
38,1745407686.770878,1745407686.821537,True,,ORB,1200,1200,1200,803,735,0.9153175591531756,2.185771942138672,3.8639307022094727,90.0,59.28919219970703,1.4658128023147583,False,False,0.02073029801249504,0.0470588244497776,True,,531,530,0.8327040076255798,4.159522533416748,75.91658782958984,81.271240234375,0.9830188679245283,0.036329943840228376
39,1745407686.821537,1745407686.871807,True,,ORB,1200,1200,1200,819,747,0.9120879120879121,1.4399871826171875,3.5190367698669434,26.56505012512207,57.589637756347656,0.9792742133140564,False,False,0.018500691279768944,0.04313725605607033,True,,528,526,0.6652668714523315,3.3539443016052246,58.908103942871094,87.37041473388672,0.9809885931558935,0.030273713499087793
40,1745407686.871807,1745407686.921992,True,,ORB,1200,1200,1200,970,970,1.0,0.0,1.44000244140625,0.0,23.60252571105957,0.0007881865390757662,True,True,0.005945427343249321,0.0117647061124444,True,,519,519,0.000805253570433706,1.0405936241149902,30.963756561279297,84.86041259765625,0.9788053949903661,0.009561614396006347
41,1745407686.921992,1745407686.97224,True,,ORB,1200,1200,1200,840,747,0.8892857142857142,2.036470890045166,3.8639259338378906,90.0,59.22077941894531,1.3664630651474,False,False,0.02412266470491886,0.05882352963089943,True,,480,480,0.965964138507843,3.9019384384155273,44.432579040527344,85.9144515991211,0.9916666666666667,0.028632089148912496
42,1745407686.97224,1745407687.022886,True,,ORB,1200,1200,1200,1200,1200,1.0,0.0,0.0,0.0,0.0,0.0,True,True,0.0,0.0,True,,387,387,0.0,0.0,0.0,0.0,1.0,0.03064543387618842
43,1745407687.022886,1745407687.073043,True,,ORB,1200,1200,1200,840,748,0.8904761904761904,2.2360680103302,4.123105525970459,90.0,58.39921951293945,1.510597825050354,False,False,0.02462262660264969,0.062745101749897,True,,387,386,1.5109546184539795,3.9816370010375977,50.996788024902344,73.84835815429688,0.9922279792746114,0.018820627561673672
44,1745407687.073043,1745407687.123993,True,,ORB,1200,1200,1200,1200,1200,1.0,0.0,0.0,0.0,0.0,0.0,True,True,0.0,0.0,True,,473,473,0.0,0.0,0.0,0.0,1.0,0.02759954864189114
45,1745407687.123993,1745407687.174721,True,,ORB,1200,1195,1200,814,675,0.8292383292383292,2.2360680103302,4.2228169441223145,90.0,57.36748504638672,1.5234147310256958,False,False,0.025162015110254288,0.062745101749897,True,,473,472,1.2577855587005615,4.277181625366211,43.65202331542969,72.67035675048828,0.9872881355932204,0.017392738962160613
46,1745407687.174721,1745407687.224893,True,,ORB,1195,1195,1195,1195,1195,1.0,0.0,0.0,0.0,0.0,0.0,True,True,0.0,0.0,True,,506,506,0.0,0.0,0.0,0.0,1.0,0.025632687951800667
47,1745407687.224893,1745407687.2751,True,,ORB,1195,1200,1195,852,743,0.8720657276995305,2.443756580352783,4.242640495300293,90.0,56.21622085571289,1.6805411577224731,False,False,0.027262985706329346,0.0784313753247261,True,,506,506,1.070805311203003,4.514914512634277,41.38096618652344,70.03556823730469,0.9901185770750988,0.030595177618136248
48,1745407687.2751,1745407687.326082,True,,ORB,1200,1200,1200,1094,1094,1.0,0.0,0.0,0.0,1.8380271196365356,0.00024259601312223822,True,True,0.006504289340227842,0.007843137718737125,True,,501,500,0.0002460405812598765,1.2743428945541382,0.0,34.136444091796875,0.986,0.01945265550852796
49,1745407687.326082,1745407687.376668,True,,ORB,1200,1200,1200,787,655,0.832274459974587,2.443756580352783,5.018096923828125,90.0,57.5399169921875,1.6625702381134033,False,False,0.023788951337337494,0.07058823853731155,True,,505,500,0.7822006344795227,5.306064128875732,35.95515441894531,67.31925201416016,0.974,0.01618478905811875
50,1745407687.376668,1745407687.427679,True,,ORB,1200,1200,1200,828,710,0.857487922705314,2.0736083984375,4.9766387939453125,45.000125885009766,59.50526809692383,1.3881049156188965,False,False,0.026142504066228867,0.07450980693101883,True,,533,530,0.8182711601257324,5.368697643280029,28.506072998046875,68.92780303955078,0.9716981132075472,0.026720942070935547
51,1745407687.427679,1745407687.477853,True,,ORB,1200,1199,1200,1092,1092,1.0,0.0,0.0,0.0,12.963251113891602,0.00024721783120185137,True,True,0.001066387165337801,0.003921568859368563,True,,492,492,0.00024721783120185137,0.40967226028442383,0.0,64.80248260498047,1.0,0.01624018169933928
52,1745407687.477853,1745407687.528256,True,,ORB,1199,1196,1199,780,704,0.9025641025641026,2.6832849979400635,5.183990478515625,90.0,57.928794860839844,1.819732427597046,False,False,0.02819458395242691,0.08627451211214066,True,,487,484,1.2484781742095947,5.562469005584717,26.581825256347656,72.05220794677734,0.9917355371900827,0.023888195870373354
53,1745407687.528256,1745407687.578278,True,,ORB,1196,1196,1196,1196,1196,1.0,0.0,0.0,0.0,0.0,0.0,True,True,0.0,0.0,True,,498,498,0.0,0.0,0.0,0.0,1.0,0.01662901714599247
54,1745407687.578278,1745407687.628643,True,,ORB,1196,1200,1196,803,717,0.8929016189290162,2.4437673091888428,5.342408657073975,90.0,59.908424377441406,1.63042151927948,False,False,0.025242190808057785,0.07058823853731155,True,,498,497,1.3416794538497925,5.578273296356201,28.17399787902832,73.93138885498047,0.9879275653923542,0.02128368469344948
55,1745407687.628643,1745407687.679049,True,,ORB,1200,1200,1200,916,896,0.9781659388646288,0.0,2.0364601612091064,0.0,11.303175926208496,0.04367038120906199,False,True,0.009939683601260185,0.01568627543747425,True,,496,496,0.04429551959037781,2.360588550567627,13.65068244934082,69.96226501464844,0.9858870967741935,0.01378262635323836
56,1745407687.679049,1745407687.729553,True,,ORB,1200,1200,1200,741,638,0.8609986504723347,1.7280120849609375,4.242640495300293,90.0,65.18574523925781,1.102224588394165,False,False,0.013623028062283993,0.0313725508749485,True,,510,510,0.627914309501648,3.8902833461761475,36.29220199584961,78.57350158691406,0.9764705882352941,0.027550252493207476
57,1745407687.729553,1745407687.779643,True,,ORB,1200,1199,1200,760,683,0.8986842105263158,1.4142135381698608,5.1840057373046875,26.56505012512207,57.20936965942383,0.9647342562675476,False,False,0.0177867840975523,0.03921568766236305,True,,461,459,0.9752000570297241,5.889331817626953,34.57658004760742,76.40143585205078,0.9782135076252724,0.019374125771717706
58,1745407687.779643,1745407687.83023,True,,ORB,1199,1200,1199,941,941,1.0,0.0,2.0364601612091064,0.0,27.986513137817383,0.0006920300921402554,False,True,0.005431698635220528,0.007843137718737125,True,,493,493,0.0007019976037554443,1.3890806436538696,14.036242485046387,80.06549835205078,0.9858012170385395,0.017854313401518912
59,1745407687.83023,1745407687.880872,True,,ORB,1200,1200,1200,828,741,0.894927536231884,2.48834228515625,5.865017890930176,90.0,62.810386657714844,1.6200437545776367,False,False,0.022553330287337303,0.054901961237192154,True,,505,504,1.4177643060684204,6.17132568359375,35.556766510009766,79.18867492675781,0.9861111111111112,0.021827082484947878
60,1745407687.880872,1745407687.931353,True,,ORB,1200,1200,1200,1199,1199,1.0,0.0,0.0,0.0,0.0,0.0,True,True,0.00012777652591466904,0.0,True,,529,529,0.0,0.0005865299026481807,0.0,22.45111656188965,1.0,0.013966633165167549
61,1745407687.931353,1745407687.982041,True,,ORB,1200,1198,1200,816,737,0.9031862745098039,2.4883155822753906,5.800634860992432,90.0,64.53609466552734,1.59617018699646,False,False,0.022388959303498268,0.054901961237192154,True,,531,529,1.3421378135681152,5.966116428375244,36.108951568603516,87.26036834716797,0.9905482041587902,0.02146023951696402
62,1745407687.982041,1745407688.032932,True,,ORB,1198,1198,1198,1198,1198,1.0,0.0,0.0,0.0,0.0,0.0,True,True,0.0,0.0,True,,523,523,0.0,0.0,0.0,0.0,1.0,0.015508636132579565
63,1745407688.032932,1745407688.083627,True,,ORB,1198,1194,1198,793,718,0.905422446406053,2.4437780380249023,5.865026473999023,90.0,65.99840545654297,1.5477477312088013,False,False,0.022555531933903694,0.054901961237192154,True,,523,521,1.2835302352905273,6.220728874206543,41.60794448852539,85.90946197509766,0.9904030710172744,0.021416367969770606
64,1745407688.083627,1745407688.133818,True,,ORB,1194,1195,1194,901,873,0.9689234184239733,0.0,1.7280044555664062,0.0,8.013988494873047,0.16548009682279516,False,True,0.012262275442481041,0.0235294122248888,True,,557,557,0.17293135821819305,3.6608476638793945,18.39780044555664,84.42841339111328,0.9569120287253142,0.012241519393122123
65,1745407688.133818,1745407688.184184,True,,ORB,1195,1193,1195,826,743,0.8995157384987893,0.0,5.192002773284912,0.0,66.62842559814453,0.17201411681439666,False,True,0.012884421274065971,0.027450980618596077,True,,559,559,0.1824589967727661,5.0657267570495605,53.388343811035156,84.89762115478516,0.9427549194991055,0.0203793274948437
66,1745407688.184184,1745407688.234949,True,,ORB,1193,1189,1193,1062,1062,1.0,0.0,0.0,0.0,2.268052577972412,0.00012093520095824438,True,True,0.004297679290175438,0.007843137718737125,True,,531,531,0.00012302029062993824,1.2223268747329712,0.0,42.48689651489258,0.9830508474576272,0.02414555571693695
67,1745407688.234949,1745407688.285157,True,,ORB,1189,1193,1189,761,686,0.9014454664914586,2.036470890045166,6.324555397033691,90.0,68.5632095336914,1.2607654333114624,False,False,0.020030789077281952,0.05098039284348488,True,,529,518,0.8923183679580688,6.295895099639893,33.47491455078125,90.89692687988281,0.9768339768339769,0.012517825108709395
68,1745407688.285157,1745407688.335736,True,,ORB,1193,1194,1193,1043,1043,1.0,0.0,0.0,0.0,3.007138252258301,0.0001597656845135988,True,True,0.0042872242629528046,0.007843137718737125,True,,559,558,0.00016121022053994238,1.1141741275787354,0.0,49.554046630859375,0.9910394265232975,0.01447178202078665
69,1745407688.335736,1745407688.385896,True,,ORB,1194,1192,1194,776,671,0.8646907216494846,2.073596954345703,6.225595474243164,90.0,69.74559783935547,1.270128846168518,False,False,0.020339444279670715,0.054901961237192154,True,,559,555,0.821704089641571,6.435770034790039,32.32807159423828,94.98226928710938,0.9855855855855856,0.022284818205517472
70,1745407688.385896,1745407688.43654,True,,ORB,1192,1191,1192,749,622,0.8304405874499332,1.0,5.564037322998047,0.0,49.331443786621094,0.8663455969293179,False,False,0.020030446350574493,0.054901961237192154,True,,545,542,0.8826302886009216,6.492323875427246,24.37760353088379,91.5237045288086,0.981549815498155,0.010874447245642311
71,1745407688.43654,1745407688.487002,True,,ORB,1191,1193,1191,901,864,0.9589345172031076,0.0,2.0735931396484375,0.0,31.446935653686523,0.04995037989806285,False,True,0.005682464223355055,0.007843137718737125,True,,565,565,0.05048651993274689,1.687842845916748,20.057388305664062,99.70233917236328,0.9893805309734514,0.02221065376881289
72,1745407688.487002,1745407688.537541,True,,ORB,1193,1185,1193,757,604,0.797886393659181,2.4437673091888428,7.6157732009887695,90.0,72.00674438476562,1.4661688804626465,False,False,0.03252975642681122,0.12156862765550613,True,,560,554,1.4235347509384155,9.132978439331055,25.860713958740234,93.0721435546875,0.9873646209386282,0.01848481799219647
73,1745407688.537541,1745407688.587735,True,,ORB,1185,1185,1185,1185,1185,1.0,0.0,0.0,0.0,0.0,0.0,True,True,8.40609754959587e-06,0.0,True,,527,527,0.0,0.0,0.0,4.675776481628418,1.0,0.012131870467289804
74,1745407688.587735,1745407688.63814,True,,ORB,1185,1192,1185,786,610,0.7760814249363868,2.340182304382324,7.12471342086792,45.0,72.98157501220703,1.391347885131836,False,False,0.03086540661752224,0.10980392247438431,True,,527,523,1.343399167060852,8.314518928527832,26.797473907470703,91.64226531982422,0.9904397705544933,0.012419116764194006
75,1745407688.63814,1745407688.688605,True,,ORB,1192,1192,1192,1192,1192,1.0,0.0,0.0,0.0,0.0,0.0,True,True,0.0,0.0,True,,525,525,0.0,0.0,0.0,0.0,1.0,0.009935859248879967
76,1745407688.688605,1745407688.739514,True,,ORB,1192,1190,1192,818,663,0.8105134474327629,2.0736083984375,6.5572967529296875,45.0,75.30233764648438,1.2227278020646837,False,False,0.030816828832030296,0.10588235408067703,True,,525,522,1.2417585849761963,8.455918312072754,24.754833221435547,91.27197265625,0.9846743295019157,0.0176396174567652
77,1745407688.739514,1745407688.78975,True,,ORB,1190,1193,1190,739,662,0.8958051420838972,1.0,4.57028341293335,0.0,41.260250091552734,0.9261372261391374,False,False,0.023432904854416847,0.07450980693101883,True,,507,499,0.9528710842132568,7.155801773071289,22.780071258544922,91.8908920288086,0.9719438877755511,0.01933473627901608
78,1745407688.78975,1745407688.840317,True,,ORB,1193,1188,1193,885,835,0.943502824858757,0.0,2.443756580352783,0.0,30.49647331237793,0.03456976170271216,False,True,0.00740324379876256,0.0117647061124444,True,,497,497,0.035571783781051636,1.8214945793151855,10.619654655456543,98.32701110839844,0.971830985915493,0.008028689558684117
79,1745407688.840317,1745407688.891804,True,,ORB,1188,1188,1188,1006,1006,1.0,0.0,2.4218783378601074,0.0,6.165858268737793,0.09449467891128262,False,True,0.018872397020459175,0.05098039284348488,True,,503,493,0.09665119647979736,6.494874477386475,10.02338695526123,85.55680847167969,0.9776876267748479,0.0189344492073035
80,1745407688.891804,1745407688.941857,True,,ORB,1188,1187,1188,949,949,1.0,0.0,5.192002773284912,0.0,59.867881774902344,0.04465376745170192,False,True,0.01030191220343113,0.019607843831181526,True,,514,514,0.04572118818759918,3.8495967388153076,14.645681381225586,99.87815856933594,0.9766536964980544,0.01565868205976473
81,1745407688.941857,1745407688.991915,True,,ORB,1187,1199,1187,832,687,0.8257211538461539,2.036470890045166,6.912001132965088,26.564977645874023,73.09658813476562,1.2094759941101074,False,False,0.02769479528069496,0.09019608050584793,True,,484,472,1.1785433292388916,7.929779052734375,23.168060302734375,92.42820739746094,0.9788135593220338,0.011329072041960543
82,1745407688.991915,1745407689.042862,True,,ORB,1199,1199,1199,1199,1199,1.0,0.0,0.0,0.0,0.0,0.0,True,True,0.0,0.0,True,,500,500,0.0,0.0,0.0,0.0,1.0,0.014372434283229641
83,1745407689.042862,1745407689.093009,True,,ORB,1199,1196,1199,875,743,0.8491428571428571,2.0735931396484375,6.5572967529296875,26.565109252929688,74.829833984375,1.211556315422058,False,False,0.027056965976953506,0.08627451211214066,True,,500,497,1.1580005884170532,8.530170440673828,25.338308334350586,89.60614013671875,0.9818913480885312,0.011329148415864836
84,1745407689.093009,1745407689.143384,True,,ORB,1196,1196,1196,1196,1196,1.0,0.0,0.0,0.0,0.0,0.0,True,True,0.0,0.0,True,,511,511,0.0,0.0,0.0,0.0,1.0,0.012545150102312138
85,1745407689.143384,1745407689.194156,True,,ORB,1196,1198,1196,845,678,0.8023668639053254,2.0966684818267822,7.29931116104126,44.999908447265625,74.42620086669922,1.319044841923723,False,False,0.028377395123243332,0.09019608050584793,True,,511,503,1.3349689245224,9.245584487915039,18.096149444580078,93.64680480957031,0.9880715705765407,0.009709747965889836
86,1745407689.194156,1745407689.244634,True,,ORB,1198,1198,1198,1178,1178,1.0,0.0,0.0,0.0,0.20665106177330017,0.0,True,True,0.003930798266083002,0.0,True,,476,476,0.0,0.11506129801273346,0.0,41.97893524169922,0.9684873949579832,0.013567784942252758
87,1745407689.244634,1745407689.295648,True,,ORB,1198,1199,1198,870,717,0.8241379310344827,2.0,6.442117691040039,18.434846878051758,73.62339782714844,1.181962251663208,False,False,0.022078584879636765,0.06666667014360428,True,,478,477,1.2236446142196655,7.8214263916015625,21.232534408569336,94.07656860351562,0.9454926624737946,0.01500486911121856
88,1745407689.295648,1745407689.346094,True,,ORB,1199,1199,1199,1199,1199,1.0,0.0,0.0,0.0,0.0,0.0,True,True,0.0,0.0,True,,508,508,0.0,0.0,0.0,0.0,1.0,0.007011134180844738
89,1745407689.346094,1745407689.396802,True,,ORB,1199,1198,1199,879,722,0.8213879408418657,1.727996826171875,6.0,0.0,70.42787170410156,1.1030928412760337,False,False,0.0245264433324337,0.07450980693101883,True,,508,508,1.1162772178649902,7.571495056152344,23.048969268798828,94.82257843017578,0.9881889763779528,0.013597616926037701
90,1745407689.396802,1745407689.447652,True,,ORB,1198,1198,1198,1198,1198,1.0,0.0,0.0,0.0,0.0,0.0,True,True,0.0,0.0,True,,478,478,0.0,0.0,0.0,0.0,1.0,0.018753322575112936
91,1745407689.447652,1745407689.498098,True,,ORB,1198,1197,1198,859,698,0.8125727590221188,1.7280044555664062,6.0,0.0,72.3731460571289,1.221859766349633,False,False,0.024116652086377144,0.07450980693101883,True,,478,478,1.2453069686889648,7.523147106170654,20.51398468017578,94.30488586425781,0.9811715481171548,0.0073252830827057625
92,1745407689.498098,1745407689.548699,True,,ORB,1197,1197,1197,1196,1196,1.0,0.0,0.0,0.0,0.0,0.0,True,True,0.001677064341492951,0.0,True,,497,497,0.0,0.00036842215922661126,0.0,35.10322570800781,0.9899396378269618,0.014504554181554922
93,1745407689.548699,1745407689.599438,True,,ORB,1197,1190,1197,857,691,0.8063010501750292,2.0736007690429688,6.234236240386963,18.434898376464844,73.08636474609375,1.240602175394694,False,False,0.021559016779065132,0.05882352963089943,True,,497,495,1.2583976984024048,7.387353420257568,19.580463409423828,98.1775131225586,0.9858585858585859,0.01631176953187781
94,1745407689.599438,1745407689.649738,True,,ORB,1190,1190,1190,965,935,0.9689119170984456,0.0,2.801309108734131,0.0,6.79839563369751,0.08465246381080252,False,True,0.011431047692894936,0.0235294122248888,True,,472,472,0.08705002814531326,4.006680488586426,-9.712128639221191,85.84254455566406,0.972457627118644,0.007520891265139878
95,1745407689.649738,1745407689.700076,True,,ORB,1190,1189,1190,917,917,1.0,0.0,4.947747707366943,0.0,57.47403335571289,0.06997628430930936,False,True,0.011655810289084911,0.0235294122248888,True,,490,490,0.07249128818511963,4.715280532836914,5.4368414878845215,100.9774398803711,0.9653061224489796,0.012218511202557396
96,1745407689.700076,1745407689.750396,True,,ORB,1189,1192,1189,821,717,0.8733252131546894,2.154067039489746,5.937267303466797,6.5819573402404785,72.46416473388672,1.3191086608788063,False,False,0.019779451191425323,0.0470588244497776,True,,464,464,1.3248190879821777,6.6837077140808105,15.69007682800293,98.01162719726562,0.9956896551724138,0.006547006344090068
97,1745407689.750396,1745407689.800607,True,,ORB,1192,1192,1192,1192,1192,1.0,0.0,0.0,0.0,0.0,0.0,True,True,0.0,0.0,True,,468,468,0.0,0.0,0.0,0.0,1.0,0.008773659945020308
98,1745407689.800607,1745407689.851917,True,,ORB,1192,1192,1192,822,733,0.8917274939172749,2.073596954345703,5.175493240356445,5.655009746551514,74.10139465332031,1.2562440873211267,False,False,0.01799098215997219,0.03921568766236305,True,,468,468,1.269810438156128,5.86244010925293,14.220108032226562,97.76110076904297,0.9893162393162394,0.012343241715195064
99,1745407689.851917,1745407689.901976,True,,ORB,1192,1191,1192,971,971,1.0,0.0,1.1999969482421875,0.0,5.974226474761963,0.027758795240858815,True,True,0.004674843046814203,0.007843137718737125,True,,424,424,0.028023164719343185,1.486352801322937,0.0,64.32926177978516,0.9905660377358491,0.012020483010556303
100,1745407689.901976,1745407689.952211,True,,ORB,1191,1187,1191,822,719,0.8746958637469586,1.4142135381698608,4.147186279296875,0.0,68.2900619506836,0.8776761293411255,False,False,0.012118087150156498,0.0235294122248888,True,,425,425,0.6580426692962646,3.6522674560546875,19.820104598999023,97.30504608154297,0.9882352941176471,0.007616926681658201
101,1745407689.952211,1745407690.002889,True,,ORB,1187,1187,1187,822,736,0.8953771289537713,1.727996826171875,4.319976806640625,0.0,69.76768493652344,1.0582282543182373,False,False,0.014678290113806725,0.0313725508749485,True,,443,443,1.0212801694869995,4.357252597808838,20.0310115814209,93.71184539794922,0.9887133182844243,0.00998444163908477
102,1745407690.002889,1745407690.052933,True,,ORB,1187,1187,1187,1187,1187,1.0,0.0,0.0,0.0,0.0,0.0,True,True,0.0,0.0,True,,457,457,0.0,0.0,0.0,0.0,1.0,0.009552434808042633
103,1745407690.052933,1745407690.103225,True,,ORB,1187,1188,1187,839,733,0.8736591179976162,1.9550527334213257,4.32000732421875,0.0,72.82600402832031,1.1640599966049194,False,False,0.014173445291817188,0.0313725508749485,True,,457,457,0.9677579998970032,3.9615349769592285,23.67658042907715,93.18521118164062,0.9956236323851203,0.011201640433572
104,1745407690.103225,1745407690.154035,True,,ORB,1188,1188,1188,1185,1185,1.0,0.0,0.0,0.0,0.1139240488409996,0.0,True,True,0.0006844555027782917,0.0,True,,450,450,0.0,0.00036748030106537044,0.0,40.56410598754883,0.9977777777777778,0.008895060202222709
105,1745407690.154035,1745407690.204366,True,,ORB,1188,1187,1188,832,742,0.8918269230769231,1.69705331325531,4.123105525970459,0.0,66.22764587402344,1.072654128074646,False,False,0.012608783319592476,0.0235294122248888,True,,451,450,0.9426144361495972,3.649402379989624,21.38863182067871,92.76136779785156,0.9955555555555555,0.01039570933637275
106,1745407690.204366,1745407690.254435,True,,ORB,1187,1185,1187,991,956,0.9646821392532795,0.0,2.2360680103302,0.0,13.166619300842285,0.06954384549251665,False,True,0.006177638657391071,0.007843137718737125,True,,422,422,0.06970903277397156,1.7397494316101074,-17.844812393188477,84.28524780273438,0.9976303317535545,0.010048733121406505
107,1745407690.254435,1745407690.304724,True,,ORB,1185,1184,1185,902,836,0.926829268292683,0.0,3.2199432849884033,0.0,48.918758392333984,0.04753268916933644,False,True,0.006948855705559254,0.007843137718737125,True,,467,467,0.04794333875179291,2.747554302215576,0.0,92.1329574584961,0.9914346895074947,0.006611591038534411
108,1745407690.304724,1745407690.355451,True,,ORB,1184,1187,1184,859,748,0.8707799767171129,1.6970573663711548,3.8639252185821533,0.0,71.39518737792969,1.0239366292953491,False,False,0.012220339849591255,0.0235294122248888,True,,438,438,0.9233596324920654,3.3406009674072266,12.836474418640137,92.22145080566406,0.9954337899543378,0.013353832297972762
109,1745407690.355451,1745407690.405593,True,,ORB,1187,1187,1187,1187,1187,1.0,0.0,0.0,0.0,0.0,0.0,True,True,0.0,0.0,True,,426,426,0.0,0.0,0.0,0.0,1.0,0.011499517833522063
110,1745407690.405593,1745407690.455766,True,,ORB,1187,1182,1187,855,747,0.8736842105263158,1.727996826171875,3.794726610183716,0.0,69.85556030273438,1.057384729385376,False,False,0.012377067469060421,0.0235294122248888,True,,426,426,0.8991527557373047,3.4407639503479004,15.489164352416992,91.23938751220703,0.9976525821596244,0.005921122664271429
111,1745407690.455766,1745407690.506715,True,,ORB,1182,1182,1182,956,956,1.0,0.0,1.44000244140625,0.0,11.036846160888672,0.0007014054654109942,True,True,0.0030138250440359116,0.003921568859368563,True,,398,398,0.0007049479172565043,1.0457366704940796,0.0,61.24656295776367,0.9949748743718593,0.013626787124670827
112,1745407690.506715,1745407690.557083,True,,ORB,1182,1180,1182,805,719,0.893167701863354,1.4142135381698608,3.605551242828369,0.0,65.38382720947266,0.9005097150802612,False,False,0.009995883330702782,0.01568627543747425,True,,397,397,0.6119177341461182,3.073438882827759,11.421356201171875,93.32489776611328,0.9924433249370277,0.0023036599349677053
113,1745407690.557083,1745407690.608565,True,,ORB,1180,1183,1180,964,952,0.9875518672199171,0.0,1.4322550296783447,0.0,10.976646423339844,0.021673018722523488,True,True,0.003093673614785075,0.003921568859368563,True,,446,446,0.021770644932985306,0.9027087688446045,0.0,64.63456726074219,0.9955156950672646,0.009605847022872259
114,1745407690.608565,1745407690.65928,True,,ORB,1183,1183,1183,818,777,0.9498777506112469,1.1999969482421875,3.3941030502319336,0.0,63.41843795776367,0.7772084474563599,False,False,0.0090750427916646,0.01568627543747425,True,,445,445,0.4333763122558594,2.6479783058166504,1.5581796169281006,95.40462493896484,0.9977528089887641,0.011526712960260721
115,1745407690.65928,1745407690.709471,True,,ORB,1183,1183,1183,812,747,0.9199507389162561,1.0,3.0238935947418213,0.0,47.57518005371094,0.7356934547424316,False,False,0.009326650761067867,0.01568627543747425,True,,426,426,0.5355648994445801,2.1002726554870605,-2.0253682136535645,97.1026840209961,1.0,0.007845806760873316
116,1745407690.709471,1745407690.760037,True,,ORB,1183,1185,1183,964,933,0.9678423236514523,0.0,2.046333074569702,0.0,32.95216751098633,0.020374964850853723,False,True,0.0032519339583814144,0.003921568859368563,True,,415,415,0.020473632961511612,1.311740756034851,0.0,82.36073303222656,0.9951807228915662,0.007506645044218322
117,1745407690.760037,1745407690.810208,True,,ORB,1185,1184,1185,814,722,0.8869778869778869,1.697070837020874,4.108056545257568,0.0,68.17967987060547,1.0542610883712769,False,False,0.012351390905678272,0.019607843831181526,True,,419,419,0.8449800610542297,3.442897319793701,14.133025169372559,91.39097595214844,1.0,0.011642989625344593
118,1745407690.810208,1745407690.86088,True,,ORB,1184,1184,1184,1184,1184,1.0,0.0,0.0,0.0,0.0,0.0,True,True,0.0,0.0,True,,428,428,0.0,0.0,0.0,0.0,1.0,0.010917456703165811
119,1745407690.86088,1745407690.912199,True,,ORB,1184,1183,1184,777,678,0.8725868725868726,2.0,4.242640495300293,0.0,69.70238494873047,1.2255290746688843,False,False,0.01356424205005169,0.0235294122248888,True,,428,427,0.912729024887085,3.8043324947357178,25.24832534790039,88.96170043945312,0.9976580796252927,0.00770256397578747
120,1745407690.912199,1745407690.96351,True,,ORB,1183,1183,1183,989,989,1.0,0.0,1.0,0.0,9.971652030944824,0.0004164980671955629,True,True,0.0025054384022951126,0.003921568859368563,True,,418,418,0.0004174968635197729,0.6967293620109558,0.0,60.589412689208984,0.9976076555023924,0.013003406169458867
121,1745407690.96351,1745407691.013768,True,,ORB,1183,1183,1183,772,665,0.8613989637305699,1.2000007629394531,3.45599365234375,0.0,59.1739501953125,0.805507481098175,False,False,0.00954415649175644,0.01568627543747425,True,,414,413,0.49146366119384766,2.8535611629486084,21.952951431274414,88.03035736083984,0.9927360774818402,0.0068245242319036
122,1745407691.013768,1745407691.064412,True,,ORB,1183,1183,1183,807,709,0.8785625774473358,1.44000244140625,3.7580039501190186,0.0,65.32099914550781,0.9174336194992065,False,False,0.01204298809170723,0.019607843831181526,True,,414,413,0.7896959185600281,3.638909339904785,9.057332038879395,93.2179946899414,0.9975786924939467,0.013897424984674433
123,1745407691.064412,1745407691.114455,True,,ORB,1183,1183,1183,1118,1118,1.0,0.0,0.0,0.0,2.611299753189087,0.0001618232890479354,True,True,0.000528856529854238,0.0,True,,427,427,0.00016220315592363477,0.03817882388830185,0.0,60.74150085449219,0.9976580796252927,0.006513305740554198
124,1745407691.114455,1745407691.165627,True,,ORB,1183,1180,1183,766,662,0.8642297650130548,1.697052001953125,4.123122215270996,0.0,66.39747619628906,1.0710521936416626,False,False,0.01296894159168005,0.0235294122248888,True,,413,413,0.9199707508087158,4.085347652435303,5.382048606872559,89.33628845214844,0.9830508474576272,0.00642039006838178
125,1745407691.165627,1745407691.216001,True,,ORB,1180,1180,1180,1180,1180,1.0,0.0,0.0,0.0,0.0,0.0,True,True,0.0,0.0,True,,448,448,0.0,0.0,0.0,0.0,1.0,0.01691025054963454
126,1745407691.216001,1745407691.266101,True,,ORB,1180,1182,1180,808,705,0.8725247524752475,1.44000244140625,3.605551242828369,0.0,68.50733947753906,0.8919427990913391,False,False,0.01191972941160202,0.019607843831181526,True,,448,447,0.580112099647522,3.478525161743164,5.3558244705200195,91.06281280517578,0.9977628635346756,0.0075448937497305775
127,1745407691.266101,1745407691.317341,True,,ORB,1182,1184,1182,917,917,1.0,0.0,1.7280120849609375,0.0,16.685516357421875,0.07326199082885614,True,True,0.006094994954764843,0.007843137718737125,True,,474,474,0.07404303550720215,1.2768044471740723,-6.589786052703857,92.42607879638672,0.989451476793249,0.007040434079482442
128,1745407691.317341,1745407691.367593,True,,ORB,1184,1184,1184,909,832,0.9152915291529153,0.0,2.4437673091888428,0.0,46.63740921020508,0.0857942751390022,False,True,0.006542451214045286,0.007843137718737125,True,,447,447,0.08617986738681793,1.676729679107666,9.837018013000488,95.83696746826172,0.9955257270693513,0.007314062943620632
129,1745407691.367593,1745407691.418542,True,,ORB,1184,1186,1184,818,759,0.9278728606356969,1.4142135381698608,3.0,0.0,61.819881439208984,0.9285106658935547,False,False,0.012410866096615791,0.0235294122248888,True,,428,428,0.651771068572998,3.2787728309631348,12.538661003112793,94.74807739257812,0.9976635514018691,0.005431092697505408
130,1745407691.418542,1745407691.468754,True,,ORB,1186,1186,1186,1186,1186,1.0,0.0,0.0,0.0,0.0,0.0,True,True,0.0,0.0,True,,407,407,0.0,0.0,0.0,0.0,1.0,0.010630705668398528
131,1745407691.468754,1745407691.519453,True,,ORB,1186,1185,1186,837,763,0.9115890083632019,1.4142135381698608,3.0,0.0,66.99151611328125,0.8878784775733948,False,False,0.012190124951303005,0.0235294122248888,True,,407,404,0.6785334348678589,2.992506265640259,6.095327854156494,95.36609649658203,0.9975247524752475,0.0048925758747522955
132,1745407691.519453,1745407691.570442,True,,ORB,1185,1185,1185,1185,1185,1.0,0.0,0.0,0.0,0.0,0.0,True,True,0.0,0.0,True,,446,446,0.0,0.0,0.0,0.0,1.0,0.009973555254272687
133,1745407691.570442,1745407691.620965,True,,ORB,1185,1185,1185,838,735,0.8770883054892601,1.4142135381698608,2.9859771728515625,0.0,66.98179626464844,0.887954831123352,False,False,0.012537587434053421,0.0235294122248888,True,,446,440,0.4257001280784607,2.8393969535827637,20.25555992126465,92.95421600341797,0.9977272727272727,0.00963598478890524
134,1745407691.620965,1745407691.671628,True,,ORB,1185,1185,1185,1185,1185,1.0,0.0,0.0,0.0,0.0,0.0,True,True,0.0,0.0,True,,401,401,0.0,0.0,0.0,0.0,1.0,0.00771099882114254
135,1745407691.671628,1745407691.721858,True,,ORB,1185,1183,1185,828,758,0.9154589371980676,1.1999969482421875,2.985966444015503,0.0,57.83119583129883,0.8144566416740417,False,False,0.012115828692913055,0.0235294122248888,True,,401,390,0.6861163377761841,2.6479651927948,23.146677017211914,91.15460968017578,0.9948717948717949,0.007841657108700188
136,1745407691.721858,1745407691.772288,True,,ORB,1183,1183,1183,1183,1183,1.0,0.0,0.0,0.0,0.0,0.0,True,True,0.0,0.0,True,,442,442,0.0,0.0,0.0,0.0,1.0,0.010419024352216439
137,1745407691.772288,1745407691.823538,True,,ORB,1183,1185,1183,809,729,0.9011124845488258,1.4142135381698608,3.2199296951293945,0.0,64.71256256103516,0.9057836532592773,False,False,0.013967238366603851,0.0235294122248888,True,,442,441,0.5503962635993958,3.565570592880249,24.105098724365234,87.14845275878906,0.9954648526077098,0.006292680895807996
138,1745407691.823538,1745407691.87371,True,,ORB,1185,1187,1185,1007,986,0.9791459781529295,0.0,1.1999969482421875,0.0,12.528096199035645,0.00029341277945431246,True,True,0.0023062387481331825,0.0,True,,393,393,0.0002979618147946894,0.7093464732170105,0.0,55.98097610473633,0.9847328244274809,0.0062103204631593694
139,1745407691.87371,1745407691.923952,True,,ORB,1187,1185,1187,829,746,0.8998793727382388,1.0,3.0324554443359375,0.0,51.66556167602539,0.7129691243171692,False,False,0.012297239154577255,0.0235294122248888,True,,400,398,0.5019444823265076,4.144803047180176,15.518733978271484,87.14812469482422,0.9597989949748744,0.007377352828309393
140,1745407691.923952,1745407691.974755,True,,ORB,1185,1181,1185,926,895,0.9665226781857451,0.0,2.0364575386047363,0.0,25.22066879272461,0.15085273070875646,False,True,0.00955011136829853,0.019607843831181526,True,,413,406,0.15159952640533447,2.0604405403137207,7.397412300109863,87.46068572998047,0.9950738916256158,0.01024295795889367
141,1745407691.974755,1745407692.025482,True,,ORB,1181,1183,1181,939,913,0.972310969116081,0.0,2.0736083984375,0.0,36.48815155029297,0.03915052115917206,False,True,0.004105066880583763,0.003921568859368563,True,,393,393,0.03915052115917206,1.3393945693969727,0.0,81.18266296386719,1.0,0.006452124689598491
142,1745407692.025482,1745407692.075885,True,,ORB,1183,1183,1183,946,946,1.0,0.0,1.7280044555664062,0.0,21.39873695373535,0.0777562866457785,True,True,0.008004194125533104,0.0117647061124444,True,,400,396,0.0793595090508461,1.8708375692367554,0.5728814005851746,81.30626678466797,0.9797979797979798,0.010278697312420919
143,1745407692.075885,1745407692.126181,True,,ORB,1183,1187,1183,903,903,1.0,0.0,2.4883270263671875,0.0,36.330772399902344,0.04688387095928192,False,True,0.006897231563925743,0.0117647061124444,True,,406,400,0.04784068465232849,1.9863977432250977,0.0,83.42640686035156,0.98,0.008888735872484172
144,1745407692.126181,1745407692.177017,True,,ORB,1187,1185,1187,842,842,1.0,0.0,2.399993896484375,0.0,35.93766403198242,0.4000756172906785,False,True,0.012268039397895336,0.0235294122248888,True,,390,378,0.40220367908477783,3.1104722023010254,18.924396514892578,86.87550354003906,0.9947089947089947,0.0019206627710366274
145,1745407692.177017,1745407692.2279,True,,ORB,1185,1183,1185,956,933,0.9759414225941423,0.0,1.727996826171875,0.0,27.711442947387695,0.005184057433430139,True,True,0.0026174557860940695,0.003921568859368563,True,,452,452,0.00519555201753974,0.8804993629455566,0.0,70.88554382324219,0.9977876106194691,0.0062807511677953325
146,1745407692.2279,1745407692.278478,True,,ORB,1183,1184,1183,823,758,0.9210206561360875,1.0,2.985983371734619,0.0,56.52573013305664,0.6859681606292725,False,False,0.014700100757181644,0.027450980618596077,True,,419,417,0.6530343890190125,4.170047283172607,13.57715129852295,81.33475494384766,1.0,0.006899834000000382
147,1745407692.278478,1745407692.329468,True,,ORB,1184,1181,1184,939,922,0.9818956336528222,0.0,1.44000244140625,0.0,14.308396339416504,0.02178336902739899,True,True,0.004010052885860205,0.003921568859368563,True,,418,418,0.022427212446928024,1.023655652999878,0.0,62.94598388671875,0.9712918660287081,0.007572685253133807
148,1745407692.329468,1745407692.380585,True,,ORB,1181,1177,1181,766,695,0.9073107049608355,0.0,3.219939708709717,0.0,44.297393798828125,0.4320622180412948,False,True,0.01366007886826992,0.0235294122248888,True,,420,419,0.4469977021217346,3.8991434574127197,28.330060958862305,75.02308654785156,0.9665871121718377,0.0038484665031196935
149,1745407692.380585,1745407692.431622,True,,ORB,1177,1180,1177,796,691,0.8680904522613065,1.200002670288086,3.5190043449401855,0.0,59.11225509643555,0.8059200644493103,False,False,0.01583358272910118,0.027450980618596077,True,,414,414,0.7195988893508911,4.712696552276611,24.08940887451172,74.40545654296875,0.9855072463768116,0.009460921749373479
150,1745407692.431622,1745407692.481904,True,,ORB,1180,1180,1180,1180,1180,1.0,0.0,0.0,0.0,0.0,0.0,True,True,0.0,0.0,True,,412,412,0.0,0.0,0.0,0.0,1.0,0.0054246779675350965
151,1745407692.481904,1745407692.531922,True,,ORB,1180,1184,1180,844,756,0.8957345971563981,1.1999969482421875,3.737985372543335,0.0,53.26929473876953,0.8448692560195923,False,False,0.014247472397983074,0.0235294122248888,True,,412,406,0.6356891393661499,4.586149215698242,12.903268814086914,82.16827392578125,0.9950738916256158,0.0034535867992899747
152,1745407692.531922,1745407692.582968,True,,ORB,1184,1181,1184,915,915,1.0,0.0,1.1999969482421875,0.0,11.474019050598145,0.014048410933336895,True,True,0.0035393880680203438,0.003921568859368563,True,,439,437,0.014343821443617344,0.8600924611091614,0.0,58.69944381713867,0.9794050343249427,0.0056541749178711746
153,1745407692.582968,1745407692.6334,True,,ORB,1181,1184,1181,765,711,0.9294117647058824,0.0,3.219939947128296,0.0,42.08234405517578,0.33476377962940956,False,True,0.012320676818490028,0.0235294122248888,True,,443,442,0.3473370671272278,2.9941396713256836,19.171695709228516,82.77656555175781,0.9638009049773756,0.007541190266742809
154,1745407692.6334,1745407692.683587,True,,ORB,1184,1182,1184,866,831,0.9595842956120092,0.0,3.5190367698669434,0.0,25.376352310180664,0.2236994474448941,False,True,0.011832567863166332,0.019607843831181526,True,,441,440,0.23105107247829437,4.799320697784424,14.337804794311523,85.8570785522461,0.9681818181818181,0.00692357484910893
155,1745407692.683587,1745407692.73376,True,,ORB,1182,1181,1182,975,975,1.0,0.0,1.727996826171875,0.0,26.153568267822266,0.03568519244745242,True,True,0.003894378198310733,0.007843137718737125,True,,452,452,0.03584379330277443,0.9557889103889465,0.0,83.7302017211914,0.995575221238938,0.00735958268233463
156,1745407692.73376,1745407692.784727,True,,ORB,1181,1182,1181,825,722,0.8751515151515151,1.0,5.432712554931641,0.0,51.721248626708984,0.7126597166061401,False,False,0.01583130471408367,0.027450980618596077,True,,474,474,0.5930136442184448,4.696803092956543,18.066064834594727,80.74310302734375,0.989451476793249,0.006794082478354179
157,1745407692.784727,1745407692.835486,True,,ORB,1182,1182,1182,1182,1182,1.0,0.0,0.0,0.0,0.0,0.0,True,True,0.0,0.0,True,,449,449,0.0,0.0,0.0,0.0,1.0,0.005186787047893673
158,1745407692.835486,1745407692.886355,True,,ORB,1182,1189,1182,823,740,0.8991494532199271,1.1999969482421875,6.0,0.0,48.374656677246094,0.877500057220459,False,False,0.01592876948416233,0.027450980618596077,True,,449,449,0.6439997553825378,5.02047061920166,25.95619010925293,80.23884582519531,0.9910913140311804,0.00751406150107093
159,1745407692.886355,1745407692.937063,True,,ORB,1189,1191,1189,794,748,0.9420654911838791,0.0,6.082762718200684,0.0,28.119890213012695,0.3623218296120345,False,True,0.015236577950417995,0.0235294122248888,True,,457,454,0.3688208758831024,5.053739070892334,20.243284225463867,87.21859741210938,0.9823788546255506,0.005386197120752321
160,1745407692.937063,1745407692.987539,True,,ORB,1191,1188,1191,976,976,1.0,0.0,1.4270927906036377,0.0,19.60698890686035,0.01633311183807456,True,True,0.0030597427394241095,0.003921568859368563,True,,472,472,0.01636778935790062,0.6652001142501831,0.0,84.71671295166016,0.9978813559322034,0.005611572417928576
161,1745407692.987539,1745407693.038459,True,,ORB,1188,1186,1188,787,713,0.9059720457433291,1.2000007629394531,5.937274932861328,0.0,48.89662551879883,0.8740230202674866,False,False,0.018094690516591072,0.027450980618596077,True,,475,475,0.6309517025947571,5.842551231384277,27.412517547607422,79.84780883789062,0.9747368421052631,0.00442292198270546
162,1745407693.038459,1745407693.089109,True,,ORB,1186,1186,1186,1186,1186,1.0,0.0,0.0,0.0,0.0,0.0,True,True,0.0,0.0,True,,489,489,0.0,0.0,0.0,0.0,1.0,0.0049888421130570675
163,1745407693.089109,1745407693.139933,True,,ORB,1186,1183,1186,805,739,0.9180124223602485,1.0,5.099019527435303,0.0,49.75421142578125,0.723587691783905,False,False,0.0176670141518116,0.027450980618596077,True,,489,487,0.5980941653251648,5.178091526031494,31.066970825195312,73.66993713378906,0.971252566735113,0.005873062511248472
164,1745407693.139933,1745407693.190239,True,,ORB,1183,1185,1183,928,928,1.0,0.0,1.44000244140625,0.0,12.597490310668945,0.010694544845237262,True,True,0.003650754690170288,0.003921568859368563,True,,520,517,0.011014102958142757,0.7847689390182495,0.0,55.76258850097656,0.9709864603481625,0.007617417982027351
165,1745407693.190239,1745407693.240903,True,,ORB,1185,1183,1185,784,784,1.0,0.0,3.341855764389038,0.0,40.874176025390625,0.3008820068004519,False,True,0.015362420119345188,0.0235294122248888,True,,561,559,0.3080458641052246,3.874683141708374,32.39088821411133,78.58719635009766,0.9767441860465116,0.007650072888439979
166,1745407693.240903,1745407693.291359,True,,ORB,1183,1182,1183,846,770,0.9101654846335697,1.1999969482421875,5.099019527435303,0.0,45.57606506347656,0.8961573243141174,False,False,0.01957770437002182,0.0313725508749485,True,,504,504,0.5778301954269409,5.265431880950928,20.77906036376953,83.83348846435547,0.9722222222222222,0.005073572391621034
167,1745407693.291359,1745407693.342109,True,,ORB,1182,1182,1182,1171,1171,1.0,0.0,0.0,0.0,0.667894184589386,0.00014771842742243742,True,True,0.00028494567959569395,0.0,True,,490,490,0.00014802051009610295,0.02663530223071575,0.0,53.09523391723633,0.9979591836734694,0.005030879923551624
168,1745407693.342109,1745407693.392811,True,,ORB,1182,1179,1182,829,770,0.9288299155609168,1.1999969482421875,4.8000030517578125,0.0,42.68391036987305,0.9154382348060608,False,False,0.018989872187376022,0.0313725508749485,True,,489,489,0.6189292073249817,4.726265907287598,25.82460594177246,82.00257873535156,0.967280163599182,0.009221809931370256
169,1745407693.392811,1745407693.443082,True,,ORB,1179,1183,1179,921,921,1.0,0.0,2.0736083984375,0.0,12.009672164916992,0.022200784855798298,False,True,0.006061044987291098,0.007843137718737125,True,,506,506,0.022925708442926407,1.2117173671722412,0.0,71.09464263916016,0.9683794466403162,0.004673846411330663
170,1745407693.443082,1745407693.493701,True,,ORB,1183,1183,1183,819,769,0.938949938949939,0.0,2.9693078994750977,0.0,34.66822052001953,0.27024890820519265,False,True,0.013439472764730453,0.027450980618596077,True,,600,595,0.27964887022972107,4.780313968658447,23.84522819519043,82.49773406982422,0.9663865546218487,0.0024813634011280126
171,1745407693.493701,1745407693.544489,True,,ORB,1183,1185,1183,998,978,0.9799599198396793,0.0,3.79473614692688,0.0,11.300582885742188,0.04598771762332799,False,True,0.00861081201583147,0.01568627543747425,True,,486,486,0.04705269634723663,2.7600841522216797,28.30632781982422,75.30545043945312,0.977366255144033,0.008537663896524873
172,1745407693.544489,1745407693.594497,True,,ORB,1185,1184,1185,959,959,1.0,0.0,1.727996826171875,0.0,22.61208724975586,0.05583876690236471,False,True,0.0085938461124897,0.01568627543747425,True,,465,465,0.05719168856739998,2.0529673099517822,0.0,91.3641128540039,0.9763440860215054,0.0035241936956904893
173,1745407693.594497,1745407693.645519,True,,ORB,1184,1181,1184,829,772,0.9312424607961399,1.0,4.123105525970459,0.0,43.68114471435547,0.7573269605636597,False,False,0.019095512107014656,0.04313725605607033,True,,506,503,0.6255192756652832,4.214240074157715,27.800491333007812,72.16703033447266,0.9840954274353877,0.006725836325024844
174,1745407693.645519,1745407693.695998,True,,ORB,1181,1181,1181,1181,1181,1.0,0.0,0.0,0.0,0.0,0.0,True,True,0.0,0.0,True,,495,495,0.0,0.0,0.0,0.0,1.0,0.004229634642049819
175,1745407693.695998,1745407693.746241,True,,ORB,1181,1182,1181,835,782,0.9365269461077844,1.0,4.0,0.0,42.34666061401367,0.7647407650947571,False,False,0.020896637812256813,0.0470588244497776,True,,495,495,0.5666183829307556,4.023580551147461,24.138322830200195,78.42518615722656,0.9919191919191919,0.007122594740727037
176,1745407693.746241,1745407693.797195,True,,ORB,1182,1182,1182,1182,1182,1.0,0.0,0.0,0.0,0.0,0.0,True,True,0.0,0.0,True,,519,519,0.0,0.0,0.0,0.0,1.0,0.0035142561985124763
177,1745407693.797195,1745407693.84759,True,,ORB,1182,1179,1182,811,769,0.9482120838471023,1.0,4.123105525970459,0.0,46.01613235473633,0.7443548440933228,False,False,0.024902114644646645,0.062745101749897,True,,519,519,0.7127373814582825,4.914314270019531,22.877099990844727,78.96123504638672,0.9788053949903661,0.004841323090548253
178,1745407693.84759,1745407693.897871,True,,ORB,1179,1180,1179,964,938,0.9730290456431535,0.0,3.1622776985168457,0.0,9.017511367797852,0.05216962737040843,False,True,0.012404698878526688,0.019607843831181526,True,,489,487,0.052820391952991486,2.692582845687866,10.526288986206055,74.9698715209961,0.9876796714579056,0.003798031033104183
179,1745407693.897871,1745407693.948683,True,,ORB,1180,1177,1180,996,996,1.0,0.0,2.466034173965454,0.0,26.520917892456055,0.03396042368628762,False,True,0.012751341797411442,0.019607843831181526,True,,487,484,0.03424342721700668,2.4774222373962402,0.0,88.07308959960938,0.9917355371900827,0.006008844171717002
180,1745407693.948683,1745407693.998949,True,,ORB,1177,1178,1177,784,754,0.9617346938775511,0.0,3.4560012817382812,0.0,23.639556884765625,0.3816334058449963,False,False,0.027348464354872704,0.05882352963089943,True,,512,508,0.3956525921821594,4.028372764587402,18.195354461669922,77.45619201660156,0.9645669291338582,0.004148355919362418
181,1745407693.998949,1745407694.049475,True,,ORB,1178,1176,1178,978,950,0.9713701431492843,0.0,1.4142135381698608,0.0,19.056547164916992,0.0011938134321098914,True,True,0.0033582455944269896,0.003921568859368563,True,,512,512,0.0012224649544805288,1.0282843112945557,0.0,69.58840942382812,0.9765625,0.005073569632379076
182,1745407694.049475,1745407694.099607,True,,ORB,1176,1173,1176,804,738,0.917910447761194,1.0,4.108056545257568,0.0,42.22628402709961,0.765409529209137,False,False,0.025478458032011986,0.05098039284348488,True,,517,516,0.6575108766555786,4.602142333984375,20.386873245239258,77.83092498779297,0.9883720930232558,0.007141982570100127
183,1745407694.099607,1745407694.15052,True,,ORB,1173,1173,1173,1173,1173,1.0,0.0,0.0,0.0,0.0,0.0,True,True,0.0,0.0,True,,552,552,0.0,0.0,0.0,0.0,1.0,0.0036358983250567713
184,1745407694.15052,1745407694.20087,True,,ORB,1173,1175,1173,922,922,1.0,0.0,1.4399940967559814,0.0,10.654768943786621,0.01350723800883777,True,True,0.008140146732330322,0.0117647061124444,True,,552,552,0.013705873861908913,1.152603268623352,0.0,58.49699783325195,0.9855072463768116,0.0046069030977747396
185,1745407694.20087,1745407694.251698,True,,ORB,1175,1176,1175,814,763,0.9373464373464373,0.0,3.1622776985168457,0.0,33.62372970581055,0.24037686137926012,False,True,0.015590859577059746,0.0313725508749485,True,,525,525,0.24552111327648163,3.589418411254883,26.641088485717773,78.34516143798828,0.979047619047619,0.00583025983196693
186,1745407694.251698,1745407694.302061,True,,ORB,1176,1178,1176,803,728,0.9066002490660025,0.720001220703125,3.7947380542755127,0.0,39.24837875366211,0.5771301535236008,False,False,0.026264632120728493,0.054901961237192154,True,,543,533,0.5837008953094482,4.2957763671875,20.23969078063965,76.81517791748047,0.9887429643527205,0.004721720966512095
187,1745407694.302061,1745407694.353001,True,,ORB,1178,1178,1178,1178,1178,1.0,0.0,0.0,0.0,0.0,0.0,True,True,0.00011127069592475891,0.0,True,,553,553,0.0,0.0007321597076952457,0.0,29.30508041381836,1.0,0.0037271912575566335
188,1745407694.353001,1745407694.403478,True,,ORB,1178,1184,1178,802,734,0.9152119700748129,1.0,3.863945722579956,0.0,42.62742614746094,0.7631809711456299,False,False,0.0256304033100605,0.05098039284348488,True,,552,544,0.6463693380355835,4.592137336730957,20.490009307861328,77.45816802978516,1.0,0.0050802043290295975
189,1745407694.403478,1745407694.454278,True,,ORB,1184,1184,1184,1184,1184,1.0,0.0,0.0,0.0,0.0,0.0,True,True,0.0,0.0,True,,501,501,0.0,0.0,0.0,0.0,1.0,0.007176443841928079
190,1745407694.454278,1745407694.505248,True,,ORB,1184,1179,1184,796,749,0.9409547738693468,0.0,3.1622776985168457,0.0,22.368135452270508,0.18805125200748443,False,True,0.017944777384400368,0.04313725605607033,True,,501,500,0.19149821996688843,4.748780727386475,18.036672592163086,76.87229919433594,0.982,0.007603654693443208
191,1745407694.505248,1745407694.555424,True,,ORB,1179,1179,1179,943,943,1.0,0.0,1.727996826171875,0.0,22.33776092529297,0.04848787543621469,True,True,0.008396044373512268,0.01568627543747425,True,,471,470,0.04964989423751831,1.8988693952560425,0.0,74.96576690673828,0.9765957446808511,0.004375041031155719
192,1745407694.555424,1745407694.605616,True,,ORB,1179,1183,1179,794,701,0.8828715365239295,1.0,4.123105525970459,0.0,46.12105941772461,0.7437719106674194,False,False,0.0197690911591053,0.04313725605607033,True,,536,534,0.6330372095108032,4.539699554443359,21.196701049804688,74.5659408569336,0.9906367041198502,0.0029632241606054772
193,1745407694.605616,1745407694.656137,True,,ORB,1183,1183,1183,1183,1183,1.0,0.0,0.0,0.0,0.0,0.0,True,True,0.0,0.0,True,,510,510,0.0,0.0,0.0,0.0,1.0,0.008218915837366605
194,1745407694.656137,1745407694.706782,True,,ORB,1183,1177,1183,748,748,1.0,1.0,3.863947629928589,0.0,45.152008056640625,0.7491555213928223,False,False,0.019321270287036896,0.0470588244497776,True,,510,505,0.6544479727745056,4.631105422973633,19.575321197509766,79.83924102783203,0.9821782178217822,0.001625072697240159
195,1745407694.706782,1745407694.756917,True,,ORB,1177,1182,1177,788,737,0.9352791878172588,0.0,3.1622776985168457,0.0,27.997039794921875,0.44423195597316534,False,True,0.015207473188638687,0.03921568766236305,True,,560,560,0.4531327784061432,5.281412601470947,21.17287826538086,82.02440643310547,0.9803571428571428,0.005117620756743528
196,1745407694.756917,1745407694.807524,True,,ORB,1182,1184,1182,950,950,1.0,0.0,1.727996826171875,0.0,20.81366539001465,0.0437933422043421,True,True,0.006452646106481552,0.0117647061124444,True,,538,538,0.044538408517837524,1.2025212049484253,0.0,74.02937316894531,0.983271375464684,0.0076772938619494415
197,1745407694.807524,1745407694.857777,True,,ORB,1184,1177,1184,856,815,0.9521028037383178,0.0,2.683295249938965,0.0,29.718271255493164,0.3429997608202313,False,True,0.014782744459807873,0.03529411926865578,True,,545,545,0.3448982834815979,4.197265148162842,24.924570083618164,77.45110321044922,0.9944954128440368,0.002123774290125119
198,1745407694.857777,1745407694.908148,True,,ORB,1177,1183,1177,1077,1077,1.0,0.0,0.0,0.0,12.063850402832031,0.0008447104482911527,True,True,0.0012247051345184445,0.003921568859368563,True,,526,526,0.0008447104482911527,0.3880627155303955,0.0,71.87479400634766,1.0,0.0045528804534885805
199,1745407694.908148,1745407694.958257,True,,ORB,1183,1176,1183,875,800,0.9142857142857143,0.0,3.0,0.0,41.6790657043457,0.5648533642529492,False,True,0.015346583910286427,0.03921568766236305,True,,502,502,0.5716862678527832,4.31082010269165,15.329404830932617,80.84388732910156,0.9880478087649402,0.0028052085166574104
200,1745407694.958257,1745407695.009317,True,,ORB,1176,1179,1176,977,977,1.0,0.0,1.1999969482421875,0.0,7.901418209075928,0.0003878387501248973,True,True,0.0036109068896621466,0.007843137718737125,True,,478,478,0.00039111165096983314,1.060628056526184,0.0,48.64521789550781,0.9916317991631799,0.006218224528808616
201,1745407695.009317,1745407695.059417,True,,ORB,1179,1182,1179,902,902,1.0,0.0,2.4838578701019287,0.0,29.557941436767578,0.2674532279069483,False,True,0.011934110894799232,0.0313725508749485,True,,443,443,0.269890159368515,3.524909019470215,18.388137817382812,85.6982192993164,0.9909706546275395,0.003051356160181828
202,1745407695.059417,1745407695.110201,True,,ORB,1182,1175,1182,819,759,0.9267399267399268,0.0,3.1622776985168457,0.0,39.778987884521484,0.681423145821951,False,True,0.015835747122764587,0.04313725605607033,True,,515,515,0.6840797662734985,4.673327922821045,22.29083251953125,80.16996002197266,0.996116504854369,0.005354949381292863
203,1745407695.110201,1745407695.160522,True,,ORB,1175,1175,1175,1175,1175,1.0,0.0,0.0,0.0,0.0,0.0,True,True,0.0,0.0,True,,566,566,0.0,0.0,0.0,0.0,1.0,0.0043944360519673825
204,1745407695.160522,1745407695.211124,True,,ORB,1175,1176,1175,884,831,0.9400452488687783,0.0,2.8799850940704346,0.0,35.46996307373047,0.5731630556996214,False,True,0.014401004649698734,0.03921568766236305,True,,566,566,0.5741775035858154,4.168862819671631,28.818065643310547,75.67306518554688,0.9982332155477032,0.006275874146175541
205,1745407695.211124,1745407695.261744,True,,ORB,1176,1176,1176,1010,1010,1.0,0.0,1.4142135381698608,0.0,10.12592601776123,0.0018987978110089898,True,True,0.0034779796842485666,0.007843137718737125,True,,560,560,0.0018987978110089898,0.9365360736846924,0.0,52.877235412597656,1.0,0.004198662411048128
206,1745407695.261744,1745407695.311796,True,,ORB,1176,1181,1176,916,916,1.0,0.0,2.2360680103302,0.0,28.054567337036133,0.2551924470398161,False,True,0.010924231261014938,0.0313725508749485,True,,522,522,0.2556822597980499,3.578106164932251,29.675745010375977,81.85210418701172,0.9980842911877394,0.006159266377323748
207,1745407695.311796,1745407695.361802,True,,ORB,1181,1177,1181,923,923,1.0,0.0,2.036465644836426,0.0,25.467201232910156,0.3517391007036379,False,True,0.01063666120171547,0.0313725508749485,True,,586,584,0.352342426776886,3.4736504554748535,27.800935745239258,83.56338500976562,0.9982876712328768,0.0036423341277365376
208,1745407695.361802,1745407695.413312,True,,ORB,1177,1175,1177,1018,1018,1.0,0.0,1.224197268486023,0.0,18.463674545288086,0.014929527416825294,True,True,0.003719113999977708,0.007843137718737125,True,,584,584,0.014929527416825294,0.8936111330986023,0.0,82.40281677246094,1.0,0.005617809537971434
209,1745407695.413312,1745407695.464566,True,,ORB,1175,1176,1175,898,846,0.9420935412026726,0.0,2.4883315563201904,0.0,36.515438079833984,0.6008557779138738,False,True,0.0140314232558012,0.03921568766236305,True,,553,550,0.6030486822128296,4.245372295379639,21.19762420654297,84.54898071289062,0.9963636363636363,0.005165414611348061
210,1745407695.464566,1745407695.514628,True,,ORB,1176,1176,1176,1176,1176,1.0,0.0,0.0,0.0,0.0,0.0,True,True,0.0,0.0,True,,529,529,0.0,0.0,0.0,0.0,1.0,0.006310278710613194
211,1745407695.514628,1745407695.564967,True,,ORB,1176,1175,1176,896,896,1.0,0.0,2.48834228515625,0.0,35.840484619140625,0.5622485719109309,False,True,0.014024127274751663,0.03921568766236305,True,,529,524,0.5633236169815063,4.203038692474365,28.134387969970703,78.2842025756836,0.9980916030534351,0.0037459301774201417
212,1745407695.564967,1745407695.615171,True,,ORB,1175,1175,1175,957,935,0.9770114942528736,0.0,1.697055697441101,0.0,11.676403999328613,0.07920787551654229,False,True,0.007113837171345949,0.019607843831181526,True,,579,579,0.07934491336345673,2.434252977371216,25.05455207824707,81.13086700439453,0.998272884283247,0.0037053746101786103
213,1745407695.615171,1745407695.665263,True,,ORB,1175,1170,1175,958,958,1.0,0.0,1.5947781801223755,0.0,18.563003540039062,0.06400992721319199,False,True,0.007418658118695021,0.019607843831181526,True,,521,521,0.06400992721319199,2.859179735183716,10.708148956298828,81.94566345214844,1.0,0.005301851997387164
214,1745407695.665263,1745407695.715863,True,,ORB,1170,1178,1170,887,839,0.9458850056369785,0.0,2.488311767578125,0.0,34.726688385009766,0.6431395203283389,False,True,0.013596431352198124,0.03921568766236305,True,,586,584,0.6453496217727661,4.229900360107422,26.00484848022461,83.01799774169922,0.9965753424657534,0.002573261839406098
215,1745407695.715863,1745407695.76647,True,,ORB,1178,1178,1178,1178,1178,1.0,0.0,0.0,0.0,0.0,0.0,True,True,0.0,0.0,True,,564,564,0.0,0.0,0.0,0.0,1.0,0.00426706253622752
216,1745407695.76647,1745407695.81747,True,,ORB,1178,1180,1178,903,865,0.9579180509413068,0.0,2.2360680103302,0.0,33.892696380615234,0.5774286354413888,False,True,0.013307521119713783,0.03921568766236305,True,,564,563,0.5794872045516968,4.2758331298828125,25.440631866455078,83.60646057128906,0.9964476021314387,0.004207960264888999
217,1745407695.81747,1745407695.868763,True,,ORB,1180,1180,1180,1180,1180,1.0,0.0,0.0,0.0,0.0,0.0,True,True,0.0,0.0,True,,553,553,0.0,0.0,0.0,0.0,1.0,0.0047000401748937635
218,1745407695.868763,1745407695.919556,True,,ORB,1180,1185,1180,869,869,1.0,0.0,2.268853187561035,0.0,31.84815216064453,0.6545165149902564,False,True,0.013145622797310352,0.03529411926865578,True,,553,553,0.6557022333145142,4.115151405334473,27.277395248413086,82.1155776977539,0.9981916817359855,0.0020197606843679367
219,1745407695.919556,1745407695.969703,True,,ORB,1185,1178,1185,937,916,0.9775880469583778,0.0,1.6970627307891846,0.0,17.874982833862305,0.435781866312027,False,True,0.010159486904740334,0.0313725508749485,True,,545,545,0.435781866312027,3.1441309452056885,26.034753799438477,80.4120101928711,1.0,0.0037177827890581216
220,1745407695.969703,1745407696.020667,True,,ORB,1178,1175,1178,999,999,1.0,0.0,1.1999969482421875,0.0,16.582347869873047,0.00669713185972765,True,True,0.003299498464912176,0.007843137718737125,True,,586,585,0.006720106583088636,0.9145835638046265,0.0,82.42570495605469,0.9965811965811966,0.0023856495296769135
221,1745407696.020667,1745407696.072085,True,,ORB,1175,1179,1175,874,829,0.948512585812357,0.0,2.350816011428833,0.0,35.46591567993164,0.7515749227197677,False,False,0.014142559841275215,0.03921568766236305,True,,580,579,0.7647836208343506,5.053549766540527,31.004600524902344,75.74626159667969,0.9827288428324698,0.003033158883102137
222,1745407696.072085,1745407696.122788,True,,ORB,1179,1179,1179,1179,1179,1.0,0.0,0.0,0.0,0.0,0.0,True,True,0.0,0.0,True,,578,578,0.0,0.0,0.0,0.0,1.0,0.004055553316555639
223,1745407696.122788,1745407696.173239,True,,ORB,1179,1179,1179,875,842,0.9622857142857143,0.0,2.0736083984375,0.0,33.14611053466797,0.6349010713812377,False,True,0.013422603718936443,0.03921568766236305,True,,578,576,0.6472619771957397,4.675077438354492,30.57839012145996,78.42721557617188,0.9809027777777778,0.004085444873530099
224,1745407696.173239,1745407696.224294,True,,ORB,1179,1182,1179,1019,1019,1.0,0.0,1.0,0.0,10.794584274291992,0.0006093326116444074,True,True,0.0029606507159769535,0.007843137718737125,True,,600,599,0.0006103515625,0.8496745228767395,0.0,56.20938491821289,0.998330550918197,0.0029628663961709816
225,1745407696.224294,1745407696.275151,True,,ORB,1182,1179,1182,953,911,0.9559286463798531,0.0,1.697049856185913,0.0,20.698144912719727,0.25896480480829875,False,True,0.010388539172708988,0.0313725508749485,True,,556,555,0.26084476709365845,3.8505563735961914,35.83903121948242,85.22885131835938,0.9927927927927928,0.0046412024971496275
226,1745407696.275151,1745407696.325367,True,,ORB,1179,1181,1179,1008,1008,1.0,0.0,1.199998140335083,0.0,10.972600936889648,0.06668264747907718,False,True,0.006540575530380011,0.019607843831181526,True,,600,600,0.06679397076368332,2.533684730529785,13.982128143310547,78.3305435180664,0.9983333333333333,0.005813025289152338
227,1745407696.325367,1745407696.375575,True,,ORB,1181,1179,1181,986,971,0.9847870182555781,0.0,1.20001220703125,0.0,16.091684341430664,0.03893982658632792,False,True,0.006784486584365368,0.019607843831181526,True,,527,527,0.03931281343102455,2.6269869804382324,21.64116096496582,87.53939819335938,0.9905123339658444,0.0023197643624313434
228,1745407696.375575,1745407696.425939,True,,ORB,1179,1179,1179,917,917,1.0,0.0,2.0,0.0,29.30413818359375,0.6803651075724781,False,True,0.01358854304999113,0.04313725605607033,True,,567,567,0.685198962688446,4.334766864776611,26.265920639038086,84.43193054199219,0.9929453262786596,0.004119312615440047
229,1745407696.425939,1745407696.476314,True,,ORB,1179,1179,1179,1179,1179,1.0,0.0,0.0,0.0,0.0,0.0,True,True,0.0,0.0,True,,600,600,0.0,0.0,0.0,0.0,1.0,0.005251096109290683
230,1745407696.476314,1745407696.526678,True,,ORB,1179,1176,1179,901,901,1.0,0.0,2.0,0.0,29.93313217163086,0.6748277262375629,False,True,0.014508407562971115,0.04313725605607033,True,,600,599,0.6793643832206726,4.915988445281982,23.896194458007812,84.2529296875,0.993322203672788,0.003334021312403753
231,1745407696.526678,1745407696.577504,True,,ORB,1176,1176,1176,1176,1176,1.0,0.0,0.0,0.0,0.0,0.0,True,True,0.0,0.0,True,,600,600,0.0,0.0,0.0,0.0,1.0,0.002032122400246425
232,1745407696.577504,1745407696.627743,True,,ORB,1176,1180,1176,858,836,0.9743589743589743,0.0,1.7280067205429077,0.0,28.257781982421875,0.686578850117271,False,True,0.014325215481221676,0.04313725605607033,True,,600,599,0.7018101215362549,4.651576519012451,30.715717315673828,77.78672790527344,0.9782971619365609,0.004402522694366621
233,1745407696.627743,1745407696.678262,True,,ORB,1180,1176,1180,998,998,1.0,0.0,1.20001220703125,0.0,12.344939231872559,0.06470565438270569,False,True,0.0065214079804718494,0.019607843831181526,True,,600,600,0.06558005511760712,2.4448041915893555,18.347225189208984,80.55615997314453,0.9866666666666667,0.0029273563567833384
234,1745407696.678262,1745407696.728356,True,,ORB,1176,1173,1176,994,994,1.0,0.0,1.199981689453125,0.0,15.383340835571289,0.07104460242510642,False,True,0.006758713163435459,0.019607843831181526,True,,596,596,0.07128380984067917,2.610373020172119,10.685319900512695,88.8166732788086,0.9966442953020134,0.004658683071700391
235,1745407696.728356,1745407696.779065,True,,ORB,1173,1175,1173,1037,1029,0.9922854387656702,0.0,1.0,0.0,9.917122840881348,0.000450223229418043,True,True,0.0029104244895279408,0.007843137718737125,True,,600,600,0.0004509748541750014,0.9284864068031311,0.0,51.30539321899414,0.9983333333333333,0.002015297040763142
236,1745407696.779065,1745407696.829321,True,,ORB,1175,1178,1175,917,917,1.0,0.0,1.44000244140625,0.0,19.515274047851562,0.2973659315635528,False,True,0.01052684523165226,0.0313725508749485,True,,600,598,0.2998732328414917,4.477342128753662,18.526405334472656,88.54551696777344,0.9916387959866221,0.004822589127828726
237,1745407696.829321,1745407696.880037,True,,ORB,1178,1178,1178,1178,1178,1.0,0.0,0.0,0.0,0.0,0.0,True,True,0.0,0.0,True,,599,599,0.0,0.0,0.0,0.0,1.0,0.002193124579088173
238,1745407696.880037,1745407696.930159,True,,ORB,1178,1177,1178,882,851,0.9648526077097506,0.0,2.0,0.0,31.370071411132812,0.7497640397636388,False,False,0.013475682586431503,0.03921568766236305,True,,599,598,0.7548129558563232,5.118234157562256,26.76055908203125,83.39722442626953,0.9933110367892977,0.0043875640188751
239,1745407696.930159,1745407696.980212,True,,ORB,1177,1177,1177,1177,1177,1.0,0.0,0.0,0.0,0.0,0.0,True,True,0.0,0.0,True,,600,600,0.0,0.0,0.0,0.0,1.0,0.0034997465468763313
240,1745407696.980212,1745407697.031032,True,,ORB,1177,1176,1177,931,906,0.9731471535982814,0.0,1.6970627307891846,0.0,25.2105655670166,0.5606393762429556,False,True,0.012008924037218094,0.03529411926865578,True,,600,600,0.5625144243240356,4.1036696434021,20.28329086303711,85.13015747070312,0.9966666666666667,0.0020614248046870475
241,1745407697.031032,1745407697.081175,True,,ORB,1176,1176,1176,1071,1071,1.0,0.0,0.0,0.0,7.543575286865234,0.0003383266421345373,True,True,0.0028429075609892607,0.007843137718737125,True,,600,600,0.000342898623785004,0.8262991905212402,0.0,52.6362419128418,0.9866666666666667,0.002972950265580511
242,1745407697.081175,1745407697.131989,True,,ORB,1176,1176,1176,958,924,0.964509394572025,0.0,1.697052001953125,0.0,19.219736099243164,0.33751883308092756,False,True,0.011509861797094345,0.03529411926865578,True,,600,600,0.3438222408294678,5.33652925491333,25.323692321777344,87.37171173095703,0.9816666666666667,0.004734443967197701
243,1745407697.131989,1745407697.182215,True,,ORB,1176,1178,1176,1005,985,0.9800995024875622,0.0,1.4142135381698608,0.0,11.117288589477539,0.06170583010117876,False,True,0.008033834397792816,0.0235294122248888,True,,600,599,0.06286019086837769,3.248727798461914,15.095016479492188,81.90746307373047,0.9816360601001669,0.002123657412307372
244,1745407697.182215,1745407697.232426,True,,ORB,1178,1175,1178,1013,1013,1.0,0.0,1.0,0.0,13.73562240600586,0.04769068487729833,False,True,0.006278321146965027,0.019607843831181526,True,,594,593,0.047933179885149,3.1761746406555176,0.0,84.47830200195312,0.9949409780775716,0.0035183735778629385
245,1745407697.232426,1745407697.282588,True,,ORB,1175,1181,1175,924,899,0.9729437229437229,0.0,1.9191960096359253,0.0,26.581758499145508,0.6505927287538846,False,True,0.014490828849375248,0.04313725605607033,True,,600,600,0.6516788601875305,5.293290138244629,17.64651107788086,83.04156494140625,0.9983333333333333,0.00221125119303817
246,1745407697.282588,1745407697.332648,True,,ORB,1181,1181,1181,1181,1181,1.0,0.0,0.0,0.0,0.0,0.0,True,True,0.0,0.0,True,,600,600,0.0,0.0,0.0,0.0,1.0,0.0018713357501178186
247,1745407697.332648,1745407697.383224,True,,ORB,1181,1181,1181,963,926,0.9615784008307373,0.0,1.44000244140625,0.0,23.172483444213867,0.4590304493904114,False,True,0.011864641681313515,0.03529411926865578,True,,600,600,0.4590304493904114,3.8093454837799072,18.282075881958008,85.2405776977539,1.0,0.0039008543668061033
248,1745407697.383224,1745407697.433259,True,,ORB,1181,1181,1181,1038,1038,1.0,0.0,1.1999969482421875,0.0,10.216893196105957,0.028715230946739514,False,True,0.006491000764071941,0.019607843831181526,True,,600,600,0.028811268508434296,2.6740264892578125,25.37063217163086,78.01007843017578,0.9966666666666667,0.0043431508106509765
249,1745407697.433259,1745407697.483945,True,,ORB,1181,1183,1181,1010,990,0.9801980198019802,0.0,1.1999542713165283,0.0,13.16358470916748,0.06355936918563158,False,True,0.00689573772251606,0.019607843831181526,True,,600,599,0.0637722983956337,2.6870555877685547,22.112438201904297,91.98998260498047,0.996661101836394,0.0034435677840393155
250,1745407697.483945,1745407697.534078,True,,ORB,1183,1182,1183,952,952,1.0,0.0,1.6970618963241577,0.0,20.824586868286133,0.5369875236352285,False,True,0.012083698064088821,0.03529411926865578,True,,600,600,0.537883996963501,4.273406028747559,23.221189498901367,83.10336303710938,0.9983333333333333,0.002238619298844665
251,1745407697.534078,1745407697.584822,True,,ORB,1182,1182,1182,1170,1170,1.0,0.0,0.0,0.0,0.0491703525185585,0.0,True,True,0.0001228171167895198,0.0,True,,600,600,0.0,0.0009327619336545467,0.0,35.64832305908203,1.0,0.0025254351343045583
252,1745407697.584822,1745407697.6358,True,,ORB,1182,1182,1182,950,950,1.0,0.0,1.44000244140625,0.0,20.80238914489746,0.5234912733402793,False,True,0.012097523547708988,0.03529411926865578,True,,600,599,0.5243666768074036,4.335422039031982,23.555442810058594,85.40332794189453,0.998330550918197,0.0051320189881275576
253,1745407697.6358,1745407697.686558,True,,ORB,1182,1182,1182,1064,1064,1.0,0.0,0.0,0.0,8.24956226348877,0.006385731510818005,True,True,0.002854913705959916,0.007843137718737125,True,,600,600,0.006385731510818005,1.024295687675476,0.0,53.2277946472168,1.0,0.002470196381498741
254,1745407697.686558,1745407697.736767,True,,ORB,1182,1180,1182,983,961,0.9776195320447609,0.0,1.1999969482421875,0.0,14.992691993713379,0.2417726144194603,False,True,0.00995618849992752,0.0313725508749485,True,,600,600,0.24258121848106384,4.011702060699463,29.504825592041016,88.71654510498047,0.9966666666666667,0.0032805431505717217
255,1745407697.736767,1745407697.787374,True,,ORB,1180,1182,1180,937,937,1.0,0.0,1.6970454454421997,0.0,21.96733283996582,0.49102047984798747,False,True,0.012263843789696693,0.03529411926865578,True,,600,600,0.4918402135372162,4.364528179168701,22.87261390686035,85.20352172851562,0.9983333333333333,0.003641306829545154
256,1745407697.787374,1745407697.83759,True,,ORB,1182,1182,1182,1182,1182,1.0,0.0,0.0,0.0,0.0,0.0,True,True,0.0,0.0,True,,600,600,0.0,0.0,0.0,0.0,1.0,0.002880600697851736
257,1745407697.83759,1745407697.888261,True,,ORB,1182,1180,1182,962,962,1.0,0.0,1.44000244140625,0.0,19.937761306762695,0.5148390424251557,False,True,0.011942421086132526,0.03529411926865578,True,,600,600,0.5165609121322632,4.245847702026367,22.893415451049805,82.54991912841797,0.9966666666666667,0.004474479279027555
258,1745407697.888261,1745407697.938658,True,,ORB,1180,1180,1180,1180,1180,1.0,0.0,0.0,0.0,0.0,0.0,True,True,0.0,0.0,True,,600,600,0.0,0.0,0.0,0.0,1.0,0.0025634771086044308
259,1745407697.938658,1745407697.988869,True,,ORB,1180,1177,1180,971,971,1.0,0.0,1.44000244140625,0.0,20.537586212158203,0.5066875420014063,False,True,0.011603976599872112,0.03529411926865578,True,,600,600,0.5075334310531616,4.127779483795166,26.64641571044922,85.4156265258789,0.9983333333333333,0.0041043158902064536
260,1745407697.988869,1745407698.039151,True,,ORB,1177,1177,1177,1119,1119,1.0,0.0,0.0,0.0,3.974398136138916,0.00015820264525245875,True,True,0.002080824924632907,0.007843137718737125,True,,600,600,0.00015820264525245875,0.37880969047546387,0.0,46.292152404785156,1.0,0.004478734894059333
261,1745407698.039151,1745407698.090151,True,,ORB,1177,1180,1177,987,987,1.0,0.0,1.2842899560928345,0.0,13.273919105529785,0.2827454209327698,False,True,0.009739736095070839,0.027450980618596077,True,,600,600,0.2827454209327698,3.664222002029419,25.015838623046875,87.20528411865234,1.0,0.0016973221481840653
262,1745407698.090151,1745407698.140654,True,,ORB,1180,1181,1180,984,984,1.0,0.0,1.1999969482421875,0.0,13.25717830657959,0.30058419704437256,False,True,0.009438151493668556,0.027450980618596077,True,,600,600,0.30058419704437256,4.012335300445557,29.48427963256836,87.62828063964844,1.0,0.0013383505114954511
263,1745407698.140654,1745407698.192131,True,,ORB,1181,1180,1181,1058,1058,1.0,0.0,0.0,0.0,8.867972373962402,0.02300693839788437,True,True,0.0033036726526916027,0.0117647061124444,True,,600,600,0.02300693839788437,1.0456628799438477,0.0,81.88060760498047,1.0,0.0016401035348222776
264,1745407698.192131,1745407698.242634,True,,ORB,1180,1182,1180,979,979,1.0,0.0,1.4279637336730957,0.0,19.528818130493164,0.5546188261111578,False,True,0.011774241924285889,0.03529411926865578,True,,600,600,0.5555447340011597,4.233005523681641,24.001937866210938,89.3321533203125,0.9983333333333333,0.0015423642498529479
265,1745407698.242634,1745407698.292648,True,,ORB,1182,1182,1182,1182,1182,1.0,0.0,0.0,0.0,0.0,0.0,True,True,0.0,0.0,True,,600,600,0.0,0.0,0.0,0.0,1.0,0.004593762789428432
266,1745407698.292648,1745407698.343102,True,,ORB,1182,1178,1182,951,951,1.0,0.0,1.44000244140625,0.0,22.246479034423828,0.5546945826863764,False,True,0.012996208854019642,0.03921568766236305,True,,600,598,0.5574913620948792,4.918652534484863,28.137557983398438,87.9771957397461,0.9949832775919732,0.00495814979179543
267,1745407698.343102,1745407698.393185,True,,ORB,1178,1174,1178,1018,1018,1.0,0.0,0.3663375973701477,0.0,8.405440330505371,0.0904562845826149,False,True,0.008355507627129555,0.027450980618596077,True,,600,600,0.0904562845826149,3.316434383392334,19.879436492919922,91.61322784423828,1.0,0.001675663832398578
268,1745407698.393185,1745407698.44354,True,,ORB,1174,1183,1174,980,967,0.986734693877551,0.0,0.0,0.0,10.898046493530273,0.030394385932013393,False,True,0.0043125576339662075,0.0117647061124444,True,,600,600,0.030547121539711952,2.021937847137451,0.0,85.73187255859375,0.995,0.00405652938491857
269,1745407698.44354,1745407698.494485,True,,ORB,1183,1179,1183,914,914,1.0,0.0,1.44000244140625,0.0,18.77351951599121,0.5435566326975823,False,True,0.011887715198099613,0.03529411926865578,True,,600,600,0.5462880730628967,4.5543742179870605,31.104877471923828,82.59410095214844,0.995,0.0027960720638428747
270,1745407698.494485,1745407698.544785,True,,ORB,1179,1179,1179,1179,1179,1.0,0.0,0.0,0.0,0.0,0.0,True,True,0.0,0.0,True,,600,600,0.0,0.0,0.0,0.0,1.0,0.00490124466495987
271,1745407698.544785,1745407698.595341,True,,ORB,1179,1180,1179,914,914,1.0,0.0,1.4142135381698608,0.0,18.250139236450195,0.5151946465174357,False,True,0.011347752995789051,0.03529411926865578,True,,600,600,0.5169177055358887,4.434089183807373,21.85790252685547,87.6849365234375,0.9966666666666667,0.0019334522273929333
272,1745407698.595341,1745407698.645475,True,,ORB,1180,1179,1180,1042,1042,1.0,0.0,0.9021394848823547,0.0,8.094005584716797,0.048764944076538086,False,True,0.005511718802154064,0.01568627543747425,True,,600,600,0.048764944076538086,2.226520299911499,26.381649017333984,73.19403839111328,1.0,0.002600335703412303
273,1745407698.645475,1745407698.69562,True,,ORB,1179,1177,1179,1026,1026,1.0,0.0,0.0,0.0,8.491265296936035,0.04914701528511382,False,True,0.005655542016029358,0.019607843831181526,True,,600,599,0.049229200929403305,2.4177772998809814,0.0,81.4636001586914,0.998330550918197,0.0031243116538251033
274,1745407698.69562,1745407698.746133,True,,ORB,1177,1176,1177,999,999,1.0,0.0,1.0,0.0,10.385416984558105,0.25371810061277755,False,True,0.00898154079914093,0.027450980618596077,True,,600,598,0.254143089056015,3.475461721420288,33.50413513183594,82.80661010742188,0.9983277591973244,0.0033343581843702634
275,1745407698.746133,1745407698.796608,True,,ORB,1176,1182,1176,1013,1013,1.0,0.0,0.0,0.0,7.094136714935303,0.02273957618201772,True,True,0.0029472082387655973,0.007843137718737125,True,,600,600,0.022777538746595383,0.916419267654419,0.0,79.48291778564453,0.9983333333333333,0.0025976661018946557
276,1745407698.796608,1745407698.846732,True,,ORB,1182,1178,1182,953,953,1.0,0.0,1.44000244140625,0.0,17.079065322875977,0.4627283620196441,False,True,0.011566022410988808,0.03529411926865578,True,,600,598,0.4642811417579651,4.429276943206787,26.31723403930664,85.41976928710938,0.9966555183946488,0.004062671564326542
277,1745407698.846732,1745407698.897284,True,,ORB,1178,1178,1178,1178,1178,1.0,0.0,0.0,0.0,0.0,0.0,True,True,0.0,0.0,True,,600,600,0.0,0.0,0.0,0.0,1.0,0.002197292130328648
278,1745407698.897284,1745407698.947757,True,,ORB,1178,1174,1178,955,922,0.9654450261780104,0.0,1.20001220703125,0.0,17.33165168762207,0.41693443827405824,False,True,0.011594420298933983,0.03529411926865578,True,,600,598,0.41974207758903503,4.288556098937988,22.713558197021484,85.87677764892578,0.9933110367892977,0.002976569670135862
279,1745407698.947757,1745407698.998131,True,,ORB,1174,1174,1174,1174,1174,1.0,0.0,0.0,0.0,0.0,0.0,True,True,0.0,0.0,True,,600,600,0.0,0.0,0.0,0.0,1.0,0.004026676132839311
280,1745407698.998131,1745407699.048559,True,,ORB,1174,1178,1174,959,922,0.9614181438998958,0.0,1.4142135381698608,0.0,18.091629028320312,0.4925956533736542,False,True,0.012287549674510956,0.03529411926865578,True,,600,595,0.49509191513061523,4.881570816040039,32.82483673095703,78.51732635498047,0.9949579831932773,0.004313919656325742
281,1745407699.048559,1745407699.098728,True,,ORB,1178,1178,1178,1178,1178,1.0,0.0,0.0,0.0,0.0,0.0,True,True,0.0,0.0,True,,600,600,0.0,0.0,0.0,0.0,1.0,0.0019232608452721838
282,1745407699.098728,1745407699.148757,True,,ORB,1178,1174,1178,984,984,1.0,0.0,1.4142135381698608,0.0,15.799570083618164,0.46004754279967536,False,True,0.011418121866881847,0.03529411926865578,True,,600,598,0.4608181416988373,4.316428184509277,30.281089782714844,78.64344024658203,0.9983277591973244,0.006181138430693997
283,1745407699.148757,1745407699.199691,True,,ORB,1174,1174,1174,1174,1174,1.0,0.0,0.0,0.0,0.0,0.0,True,True,0.0,0.0,True,,600,600,0.0,0.0,0.0,0.0,1.0,0.001542836874527689
284,1745407699.199691,1745407699.249932,True,,ORB,1174,1172,1174,986,986,1.0,0.0,1.4142135381698608,0.0,17.650835037231445,0.43893179297447205,False,True,0.011210132390260696,0.03529411926865578,True,,600,599,0.43893179297447205,4.384268760681152,24.63661766052246,82.57242584228516,1.0,0.002642327528868014
285,1745407699.249932,1745407699.300262,True,,ORB,1172,1172,1172,1168,1168,1.0,0.0,0.0,0.0,0.2974916100502014,0.0,True,True,0.0001266850740648806,0.0,True,,600,600,0.0,0.0008068662136793137,0.0,33.190185546875,1.0,0.001503458352147214
286,1745407699.300262,1745407699.350992,True,,ORB,1172,1175,1172,936,936,1.0,0.0,1.44000244140625,0.0,18.653959274291992,0.5190973365306855,False,True,0.012711282819509506,0.03921568766236305,True,,600,600,0.5217058658599854,5.763163089752197,22.381847381591797,85.79444122314453,0.995,0.0012123797585922582
287,1745407699.350992,1745407699.401214,True,,ORB,1175,1175,1175,1175,1175,1.0,0.0,0.0,0.0,0.0,0.0,True,True,0.0,0.0,True,,587,587,0.0,0.0,0.0,0.0,1.0,0.001612718596443666
288,1745407699.401214,1745407699.451937,True,,ORB,1175,1175,1175,883,883,1.0,0.0,1.6970562934875488,0.0,19.571157455444336,0.5128943234580369,False,True,0.01300666481256485,0.03921568766236305,True,,587,586,0.5208944082260132,5.730860233306885,27.000347137451172,82.93216705322266,0.984641638225256,0.004965288783082347
289,1745407699.451937,1745407699.502434,True,,ORB,1175,1175,1175,1175,1175,1.0,0.0,0.0,0.0,0.0,0.0,True,True,0.0,0.0,True,,581,581,0.0,0.0,0.0,0.0,1.0,0.00042475181630888194
290,1745407699.502434,1745407699.553032,True,,ORB,1175,1168,1175,874,840,0.9610983981693364,0.0,1.697052001953125,0.0,22.165433883666992,0.6386044701487595,False,True,0.013971012085676193,0.03921568766236305,True,,581,581,0.6430315375328064,6.153650760650635,27.861310958862305,81.85453796386719,0.9931153184165232,0.003995709313686535
291,1745407699.553032,1745407699.603868,True,,ORB,1168,1171,1168,1018,1003,0.9852652259332023,0.0,0.0,0.0,6.940505504608154,0.07044284815631048,False,True,0.007703201845288277,0.0235294122248888,True,,600,599,0.07067883759737015,3.1059396266937256,11.849064826965332,82.54667663574219,0.996661101836394,0.0013455424451967184
292,1745407699.603868,1745407699.654245,True,,ORB,1171,1172,1171,1014,1014,1.0,0.0,0.0,0.0,10.22372817993164,0.03445516000020093,False,True,0.0044523016549646854,0.0117647061124444,True,,581,580,0.03457438200712204,2.4977102279663086,0.0,85.12631225585938,0.996551724137931,0.002956223067160207
293,1745407699.654245,1745407699.705235,True,,ORB,1172,1169,1172,971,971,1.0,0.0,1.1999969482421875,0.0,9.882946014404297,0.2687090039253235,False,True,0.010492168366909027,0.0313725508749485,True,,600,600,0.2687090039253235,4.391297817230225,23.382442474365234,83.4658203125,1.0,0.0031847205459861767
294,1745407699.705235,1745407699.755279,True,,ORB,1169,1171,1169,1036,1036,1.0,0.0,0.0,0.0,5.468488693237305,0.001550745265274998,True,True,0.001968558644875884,0.003921568859368563,True,,493,493,0.0015634302981197834,0.8566340208053589,0.0,76.62049865722656,0.9918864097363083,0.0028160633547009216
295,1745407699.755279,1745407699.805997,True,,ORB,1171,1169,1171,910,878,0.9648351648351648,0.0,1.20001220703125,0.0,16.386869430541992,0.4777484742840331,False,True,0.011714978143572807,0.03529411926865578,True,,600,597,0.48341667652130127,4.794749736785889,25.085962295532227,84.15221405029297,0.9882747068676717,0.0023359899605895833
296,1745407699.805997,1745407699.856113,True,,ORB,1169,1170,1169,1023,1023,1.0,0.0,0.0,0.0,6.253422260284424,0.054323770105838776,False,True,0.006409065797924995,0.019607843831181526,True,,547,546,0.054323770105838776,2.2424895763397217,10.28055191040039,84.57170104980469,1.0,0.0027316460182491347
297,1745407699.856113,1745407699.906232,True,,ORB,1170,1166,1170,1047,1028,0.9818529130850048,0.0,0.0,0.0,7.923713207244873,0.03765396677100888,False,True,0.004699027631431818,0.01568627543747425,True,,520,520,0.037726517766714096,2.433570146560669,7.7531914710998535,81.17741394042969,0.9980769230769231,0.00430498989063024
298,1745407699.906232,1745407699.956274,True,,ORB,1166,1168,1166,942,912,0.9681528662420382,0.0,1.2000045776367188,0.0,14.46481990814209,0.4006126668469491,False,True,0.011344842612743378,0.03529411926865578,True,,586,586,0.40267413854599,4.7569708824157715,12.411605834960938,87.20535278320312,0.9948805460750854,0.004044014379084152
299,1745407699.956274,1745407700.006906,True,,ORB,1168,1168,1168,1168,1168,1.0,0.0,0.0,0.0,0.0,0.0,True,True,0.0001844937214627862,0.0,True,,600,600,0.0,0.0005792310112155974,0.0,19.733707427978516,1.0,0.00272027307481378
300,1745407700.006906,1745407700.056947,True,,ORB,1168,1170,1168,977,977,1.0,0.0,1.0,0.0,10.205323219299316,0.3350011110305786,False,True,0.010104626417160034,0.0313725508749485,True,,600,600,0.3350011110305786,4.05106782913208,15.715179443359375,86.62345123291016,1.0,0.0022362277533246183
301,1745407700.056947,1745407700.107055,True,,ORB,1170,1172,1170,1039,1039,1.0,0.0,0.0,0.0,6.2027668952941895,0.042172055244445804,False,True,0.005576574243605137,0.01568627543747425,True,,600,600,0.0423130989074707,2.153168201446533,10.551006317138672,75.85708618164062,0.9966666666666667,0.0033124443192067226
302,1745407700.107055,1745407700.15841,True,,ORB,1172,1168,1172,1036,1036,1.0,0.0,0.0,0.0,5.464870929718018,0.04620829362135667,False,True,0.0061568631790578365,0.019607843831181526,True,,586,585,0.0462874174118042,2.5678658485412598,10.014744758605957,95.89220428466797,0.9982905982905983,0.0018494612801141517
303,1745407700.15841,1745407700.209091,True,,ORB,1168,1168,1168,1001,1001,1.0,0.0,0.0,0.0,6.446431636810303,0.1260344401152447,False,True,0.008269110694527626,0.0235294122248888,True,,595,594,0.12710434198379517,3.418304443359375,18.852611541748047,88.74187469482422,0.9915824915824916,0.0031392818749683363
304,1745407700.209091,1745407700.259563,True,,ORB,1168,1173,1168,977,977,1.0,0.0,0.0,0.0,7.660433769226074,0.06787618620191666,True,True,0.004194987006485462,0.0117647061124444,True,,561,561,0.06824111193418503,1.8585288524627686,16.189205169677734,83.1641616821289,0.9946524064171123,0.001954975521170596
305,1745407700.259563,1745407700.309825,True,,ORB,1173,1164,1173,901,901,1.0,0.0,1.2000045776367188,0.0,13.31787395477295,0.3949142527580261,False,True,0.011554284952580929,0.03529411926865578,True,,600,600,0.3968987464904785,4.413676738739014,27.159000396728516,84.14620971679688,0.995,0.0024615187934699323
306,1745407700.309825,1745407700.360614,True,,ORB,1164,1164,1164,1164,1164,1.0,0.0,0.0,0.0,0.0,0.0,True,True,0.0,0.0,True,,600,600,0.0,0.0,0.0,0.0,1.0,0.0023407961087082703
307,1745407700.360614,1745407700.411963,True,,ORB,1164,1168,1164,960,960,1.0,0.0,1.1999969482421875,0.0,13.520547866821289,0.34270515680313113,False,True,0.010772288776934147,0.0313725508749485,True,,600,600,0.34385132789611816,4.585774898529053,23.76753807067871,79.5162353515625,0.9966666666666667,0.003461828512537135
308,1745407700.411963,1745407700.46231,True,,ORB,1168,1168,1168,1168,1168,1.0,0.0,0.0,0.0,0.0,0.0,True,True,0.0,0.0,True,,600,600,0.0,0.0,0.0,0.0,1.0,0.003912835035771809
309,1745407700.46231,1745407700.512517,True,,ORB,1168,1162,1168,939,939,1.0,0.0,1.0,0.0,11.441452026367188,0.43590959906578064,False,True,0.011179553344845772,0.03529411926865578,True,,600,600,0.43590959906578064,4.86509370803833,26.43294906616211,77.09973907470703,1.0,0.002403719723746825
310,1745407700.512517,1745407700.562689,True,,ORB,1162,1163,1162,1012,1012,1.0,0.0,1.0,0.0,8.862642288208008,0.19737353920936584,False,True,0.008020315319299698,0.0235294122248888,True,,600,597,0.19737353920936584,3.783845901489258,19.81047248840332,86.65348815917969,1.0,0.002336934460682835
311,1745407700.562689,1745407700.613081,True,,ORB,1163,1166,1163,1005,1005,1.0,0.0,0.0,0.0,5.873266696929932,0.016754182055592537,True,True,0.002860236680135131,0.007843137718737125,True,,600,600,0.016754182055592537,1.1074528694152832,0.0,77.64252471923828,1.0,0.0038739032252031965
312,1745407700.613081,1745407700.663236,True,,ORB,1166,1168,1166,950,950,1.0,0.0,1.0,0.0,10.57972526550293,0.3319265680696497,False,True,0.010378160513937473,0.0313725508749485,True,,600,597,0.3336029648780823,4.248161792755127,19.058958053588867,81.12681579589844,0.9949748743718593,0.0028519357028627826
313,1745407700.663236,1745407700.713721,True,,ORB,1168,1169,1168,1126,1126,1.0,0.0,0.0,0.0,1.80952787399292,0.00011060863544116728,True,True,0.0021026539616286755,0.007843137718737125,True,,600,600,0.00011172589438501745,0.7213273048400879,0.0,43.27995300292969,0.99,0.0008305148304635886
314,1745407700.713721,1745407700.76438,True,,ORB,1169,1172,1169,958,958,1.0,0.0,1.1999969482421875,0.0,12.407105445861816,0.24739731947580973,False,True,0.009455288760364056,0.027450980618596077,True,,600,600,0.24822473526000977,4.930564880371094,19.703372955322266,89.27111053466797,0.9966666666666667,0.0013344055102560964
315,1745407700.76438,1745407700.815013,True,,ORB,1172,1172,1172,973,973,1.0,0.0,1.0,0.0,10.688471794128418,0.361824920281818,False,True,0.010085669346153736,0.0313725508749485,True,,600,594,0.3630473017692566,4.306032657623291,18.827377319335938,88.22900390625,0.9966329966329966,0.0021839898068338314
316,1745407700.815013,1745407700.865259,True,,ORB,1172,1172,1172,1166,1166,1.0,0.0,0.0,0.0,0.27015218138694763,0.0,True,True,0.00013689110346604139,0.0,True,,600,600,0.0,0.001000128802843392,0.0,30.954381942749023,1.0,0.0025689504514018763
317,1745407700.865259,1745407700.915857,True,,ORB,1172,1167,1172,943,943,1.0,0.0,1.0,0.0,11.035605430603027,0.3225361601511637,False,True,0.009805338457226753,0.0313725508749485,True,,600,600,0.32470083236694336,3.8594367504119873,23.01534652709961,86.00281524658203,0.9933333333333333,0.0035183388174598765
318,1745407700.915857,1745407700.965922,True,,ORB,1167,1165,1167,1061,1061,1.0,0.0,0.0,0.0,2.5344293117523193,0.02460931915168961,True,True,0.004331112373620272,0.0117647061124444,True,,600,600,0.02469162456691265,1.0369104146957397,-0.007340702228248119,74.67393493652344,0.9966666666666667,0.002098044206767383
319,1745407700.965922,1745407701.016066,True,,ORB,1165,1169,1165,877,877,1.0,0.0,1.0,0.0,10.12667179107666,0.16506770253181458,False,True,0.008549920283257961,0.0235294122248888,True,,600,599,0.17624875903129578,3.9122860431671143,24.54391860961914,90.06660461425781,0.9365609348914858,0.002271747008536452
320,1745407701.016066,1745407701.067022,True,,ORB,1169,1175,1169,946,946,1.0,0.0,1.0,0.0,11.993230819702148,0.2868466398154754,False,True,0.010094706900417805,0.0313725508749485,True,,600,599,0.2897489666938782,4.071386337280273,24.817447662353516,86.58357238769531,0.989983305509182,0.0027674134641500945
321,1745407701.067022,1745407701.118017,True,,ORB,1175,1175,1175,1157,1157,1.0,0.0,0.0,0.0,0.631202757358551,0.0,True,True,0.0001529756555100903,0.0,True,,600,600,0.0,0.0072651207447052,0.0,38.5975456237793,1.0,0.002746135333434469
322,1745407701.118017,1745407701.168849,True,,ORB,1175,1171,1175,817,817,1.0,0.0,1.0,0.0,12.18464469909668,0.49459300967716496,False,True,0.011926699429750443,0.0313725508749485,True,,600,597,0.5339457988739014,5.572519779205322,24.40395736694336,84.09740447998047,0.9262981574539364,0.001272421145637757
323,1745407701.168849,1745407701.219134,True,,ORB,1171,1171,1171,1171,1171,1.0,0.0,0.0,0.0,0.0,0.0,True,True,0.0,0.0,True,,600,600,0.0,0.0,0.0,0.0,1.0,0.0020907367356467906
324,1745407701.219134,1745407701.269624,True,,ORB,1171,1175,1171,958,935,0.975991649269311,0.0,1.0,0.0,12.863733291625977,0.3526790016889572,False,True,0.009864182211458683,0.027450980618596077,True,,600,600,0.35684216022491455,4.181960582733154,32.62989807128906,80.40689849853516,0.9883333333333333,0.0019822154200032673
325,1745407701.269624,1745407701.320282,True,,ORB,1175,1175,1175,1175,1175,1.0,0.0,0.0,0.0,0.0,0.0,True,True,0.0,0.0,True,,600,600,0.0,0.0,0.0,0.0,1.0,0.0017576454264023238
326,1745407701.320282,1745407701.370729,True,,ORB,1175,1174,1175,967,950,0.9824198552223371,0.0,1.0538451671600342,0.0,12.36391544342041,0.3489716426290647,False,True,0.010220243595540524,0.0313725508749485,True,,600,594,0.3513375520706177,4.508184432983398,31.463546752929688,80.21151733398438,0.9932659932659933,0.0017691487275580695
327,1745407701.370729,1745407701.421769,True,,ORB,1174,1175,1174,1013,1013,1.0,0.0,0.0,0.0,6.522022247314453,0.07621742977491962,False,True,0.006498832255601883,0.019607843831181526,True,,600,596,0.0771232396364212,2.3519248962402344,21.78289031982422,91.22439575195312,0.988255033557047,0.0033590790825926923
328,1745407701.421769,1745407701.47205,True,,ORB,1175,1172,1175,1029,1029,1.0,0.0,0.0,0.0,6.981212615966797,0.0531620063036929,False,True,0.004047928377985954,0.0117647061124444,True,,600,599,0.05334010347723961,2.0667788982391357,0.0,89.7306900024414,0.996661101836394,0.0029899104111951267
329,1745407701.47205,1745407701.523046,True,,ORB,1172,1169,1172,960,960,1.0,0.0,1.3994804620742798,0.0,12.663071632385254,0.4135963654518127,False,True,0.010156596079468727,0.0313725508749485,True,,600,600,0.4163721799850464,4.550617694854736,25.91790008544922,88.94205474853516,0.9933333333333333,0.0038015928626893396
330,1745407701.523046,1745407701.573658,True,,ORB,1169,1169,1169,1169,1169,1.0,0.0,0.0,0.0,0.0,0.0,True,True,0.0,0.0,True,,600,600,0.0,0.0,0.0,0.0,1.0,0.002010163593412018
331,1745407701.573658,1745407701.623858,True,,ORB,1169,1169,1169,956,940,0.9832635983263598,0.0,1.0,0.0,8.589251518249512,0.363918249316526,False,True,0.00979949813336134,0.027450980618596077,True,,600,599,0.36452680826187134,4.662622451782227,23.852291107177734,85.29560852050781,0.998330550918197,0.003170139871594126
332,1745407701.623858,1745407701.674825,True,,ORB,1169,1169,1169,1169,1169,1.0,0.0,0.0,0.0,0.0,0.0,True,True,0.0,0.0,True,,600,600,0.0,0.0,0.0,0.0,1.0,0.0025809583632326757
333,1745407701.674825,1745407701.725196,True,,ORB,1169,1172,1169,966,950,0.9834368530020704,0.0,1.0,0.0,9.533538818359375,0.318932583630085,False,True,0.008914426900446415,0.027450980618596077,True,,600,600,0.31999924778938293,3.9063191413879395,26.374317169189453,83.6932601928711,0.9966666666666667,0.003077146672172884
334,1745407701.725196,1745407701.775637,True,,ORB,1172,1172,1172,1172,1172,1.0,0.0,0.0,0.0,0.0,0.0,True,True,0.0,0.0,True,,600,600,0.0,0.0,0.0,0.0,1.0,0.0012846508582362206
335,1745407701.775637,1745407701.82616,True,,ORB,1172,1171,1172,975,975,1.0,0.0,1.0,0.0,9.744380950927734,0.2643280625343323,False,True,0.008992169052362442,0.027450980618596077,True,,600,597,0.2643280625343323,4.0055718421936035,14.661879539489746,90.09893035888672,1.0,0.0020710828139691006
336,1745407701.82616,1745407701.876327,True,,ORB,1171,1170,1171,1058,1058,1.0,0.0,0.0,0.0,4.351172924041748,0.001000751454072694,True,True,0.0024258005432784557,0.007843137718737125,True,,600,600,0.0010040984489023685,0.5506943464279175,0.0,60.701080322265625,0.9966666666666667,0.002525453103403509
337,1745407701.876327,1745407701.926813,True,,ORB,1170,1173,1170,984,984,1.0,0.0,0.6979660987854004,0.0,8.445717811584473,0.19462577998638153,False,True,0.007694968022406101,0.0235294122248888,True,,600,600,0.19462577998638153,4.2408246994018555,32.81243896484375,81.07699584960938,1.0,0.0007685294177460289
338,1745407701.926813,1745407701.977054,True,,ORB,1173,1173,1173,1173,1173,1.0,0.0,0.0,0.0,0.0,0.0,True,True,0.0,0.0,True,,600,600,0.0,0.0,0.0,0.0,1.0,0.002066526269128127
339,1745407701.977054,1745407702.027447,True,,ORB,1173,1173,1173,947,925,0.9767687434002112,0.0,1.1999969482421875,0.0,12.511999130249023,0.3183770775794983,False,True,0.009481234475970268,0.027450980618596077,True,,600,600,0.3183770775794983,4.049694061279297,28.095369338989258,84.83942413330078,1.0,0.0014762549499631238
340,1745407702.027447,1745407702.078158,True,,ORB,1173,1165,1173,933,911,0.9764201500535906,0.0,1.0,0.0,9.908010482788086,0.28351584772268934,False,True,0.008717946708202362,0.027450980618596077,True,,600,600,0.2844640612602234,3.5508010387420654,25.976930618286133,87.88286590576172,0.9966666666666667,0.0023580483530772226
341,1745407702.078158,1745407702.129111,True,,ORB,1165,1165,1165,1165,1165,1.0,0.0,0.0,0.0,0.0,0.0,True,True,4.919194179819897e-05,0.0,True,,600,600,0.0,0.0004908109549432993,0.0,19.15116310119629,1.0,0.002487343136436795
342,1745407702.129111,1745407702.179836,True,,ORB,1165,1163,1165,959,934,0.9739311783107404,0.0,1.0,0.0,11.559013366699219,0.2697402931749821,False,True,0.008788756094872952,0.027450980618596077,True,,600,600,0.272007018327713,3.7134618759155273,17.99243927001953,90.74720001220703,0.9916666666666667,0.0023602472822916837
343,1745407702.179836,1745407702.229898,True,,ORB,1163,1163,1163,1163,1163,1.0,0.0,0.0,0.0,0.0,0.0,True,True,0.0,0.0,True,,600,600,0.0,0.0,0.0,0.0,1.0,0.0029814601831164226
344,1745407702.229898,1745407702.279963,True,,ORB,1163,1171,1163,936,936,1.0,0.0,1.1937215328216553,0.0,10.185181617736816,0.26536869247754413,False,True,0.008906001225113869,0.027450980618596077,True,,600,600,0.2662562131881714,3.688262462615967,24.52178955078125,89.60655975341797,0.9966666666666667,0.0016248288595645123
345,1745407702.279963,1745407702.330318,True,,ORB,1171,1171,1171,1171,1171,1.0,0.0,0.0,0.0,0.0,0.0,True,True,0.0,0.0,True,,600,600,0.0,0.0,0.0,0.0,1.0,0.0030148498522647818
346,1745407702.330318,1745407702.380344,True,,ORB,1171,1170,1171,910,910,1.0,0.0,1.0,0.0,8.295673370361328,0.2436133959889412,False,True,0.008345013484358788,0.0235294122248888,True,,600,600,0.2550925612449646,3.338162660598755,-1.9813904762268066,86.620849609375,0.955,0.0010631146775815922
347,1745407702.380344,1745407702.43044,True,,ORB,1170,1165,1170,1001,1001,1.0,0.0,0.8246270418167114,0.0,7.006375789642334,0.1609172224998474,False,True,0.006020661443471909,0.019607843831181526,True,,600,600,0.1609172224998474,2.0032026767730713,26.281938552856445,91.74798583984375,1.0,0.002471759620181662
348,1745407702.43044,1745407702.481806,True,,ORB,1165,1170,1165,986,974,0.9878296146044625,0.0,0.0,0.0,5.528899669647217,0.029243145609895386,True,True,0.0026049327570945024,0.007843137718737125,True,,600,600,0.02943940833210945,0.7278871536254883,2.436159372329712,88.67018127441406,0.9933333333333333,0.002351680296666669
349,1745407702.481806,1745407702.531806,True,,ORB,1170,1170,1170,911,911,1.0,0.0,1.0,0.0,10.970658302307129,0.32792668700218197,False,True,0.00824691727757454,0.0235294122248888,True,,600,600,0.3301275372505188,3.1951751708984375,29.41425323486328,85.86672973632812,0.9933333333333333,0.0036045394943093967
350,1745407702.531806,1745407702.581859,True,,ORB,1170,1169,1170,1089,1089,1.0,0.0,0.0,0.0,3.0635783672332764,0.0006790210027247667,True,True,0.0018959100125357509,0.007843137718737125,True,,600,600,0.0006790210027247667,0.4108847379684448,0.0,53.13553237915039,1.0,0.0025357468329859443
351,1745407702.581859,1745407702.631975,True,,ORB,1169,1165,1169,969,969,1.0,0.0,0.7768617272377014,0.0,7.718379020690918,0.1585325777082889,False,True,0.006861252244561911,0.019607843831181526,True,,600,599,0.16288338601589203,3.2414777278900146,19.658710479736328,88.13127136230469,0.9732888146911519,0.0021423903009893416
352,1745407702.631975,1745407702.682123,True,,ORB,1165,1168,1165,993,993,1.0,0.0,1.0,0.0,8.435908317565918,0.16905633659912073,False,True,0.00707301264628768,0.019607843831181526,True,,600,599,0.16962268948554993,2.1272735595703125,24.738555908203125,87.13264465332031,0.996661101836394,0.003754851745108561
353,1745407702.682123,1745407702.732509,True,,ORB,1168,1166,1168,1088,1088,1.0,0.0,0.0,0.0,2.7580931186676025,0.0008187605999410152,True,True,0.0006813151412643492,0.003921568859368563,True,,600,600,0.0008187605999410152,0.1435086876153946,0.0,73.85482788085938,1.0,0.001625012667400246
354,1745407702.732509,1745407702.782824,True,,ORB,1166,1169,1166,977,977,1.0,0.0,1.0,0.0,10.74596118927002,0.23973388212381,False,True,0.007350356783717871,0.019607843831181526,True,,600,598,0.2413482517004013,2.5377047061920166,26.29604721069336,87.8974609375,0.9933110367892977,0.0021115486207661286
355,1745407702.782824,1745407702.832996,True,,ORB,1169,1169,1169,1113,1109,0.9964061096136568,0.0,0.0,0.0,2.5598292350769043,0.0003127085801679641,True,True,0.0015559514285996556,0.003921568859368563,True,,600,600,0.0003127085801679641,0.37083229422569275,0.0,46.514522552490234,1.0,0.003132190491138254
356,1745407702.832996,1745407702.883733,True,,ORB,1169,1166,1169,972,972,1.0,0.0,1.0,0.0,9.609786987304688,0.1744032317896684,False,True,0.006280695088207722,0.01568627543747425,True,,600,600,0.17469438910484314,2.1365163326263428,36.55354309082031,84.1703872680664,0.9983333333333333,0.004295196353297035
357,1745407702.883733,1745407702.934536,True,,ORB,1166,1166,1166,966,948,0.9813664596273292,0.0,1.0,0.0,10.411149024963379,0.2406748538215955,False,True,0.007103439420461655,0.019607843831181526,True,,600,600,0.24107664823532104,2.303833246231079,23.689403533935547,86.9864730834961,0.9983333333333333,0.0018845637451634322
358,1745407702.934536,1745407702.984802,True,,ORB,1166,1166,1166,1142,1142,1.0,0.0,0.0,0.0,0.5831611752510071,0.0001100326917367056,True,True,0.0001755323464749381,0.0,True,,600,600,0.0001100326917367056,0.019545521587133408,0.0,43.24966049194336,1.0,0.003767650423633585
359,1745407702.984802,1745407703.035882,True,,ORB,1166,1168,1166,977,961,0.9836233367451381,0.0,1.0,0.0,9.518226623535156,0.18983761921525003,False,True,0.007004883140325546,0.019607843831181526,True,,600,600,0.19079157710075378,2.1510977745056152,14.182376861572266,86.69072723388672,0.995,0.0031470682667311635
360,1745407703.035882,1745407703.086036,True,,ORB,1168,1168,1168,1090,1090,1.0,0.0,0.0,0.0,3.6510512828826904,0.0013627214985899628,True,True,0.0026507547590881586,0.007843137718737125,True,,600,600,0.0013672790955752134,0.4527795910835266,0.0,78.49005126953125,0.9966666666666667,0.003601183870180214
361,1745407703.086036,1745407703.136654,True,,ORB,1168,1169,1168,954,954,1.0,0.0,1.0,0.0,9.497249603271484,0.13394908234477043,False,True,0.005448893178254366,0.01568627543747425,True,,600,600,0.1350747048854828,2.085865020751953,27.904705047607422,85.64337158203125,0.9916666666666667,0.02461725671999211
362,1745407703.136654,1745407703.186778,True,,ORB,1169,1162,1169,958,958,1.0,0.0,1.0,0.0,11.106560707092285,0.179602243155241,False,True,0.0067105358466506,0.019607843831181526,True,,600,600,0.18141640722751617,2.0758700370788574,23.497722625732422,83.55106353759766,0.99,0.0704421414383146
363,1745407703.186778,1745407703.236866,True,,ORB,1162,1162,1162,1162,1162,1.0,0.0,0.0,0.0,0.0,0.0,True,True,0.0,0.0,True,,600,600,0.0,0.0,0.0,0.0,1.0,0.06699335924879896
364,1745407703.236866,1745407703.287151,True,,ORB,1162,1164,1162,972,972,1.0,0.0,1.0,0.0,11.152534484863281,0.21318072080612183,False,True,0.006886451039463282,0.019607843831181526,True,,600,600,0.21318072080612183,2.158975124359131,25.01483154296875,84.88614654541016,1.0,0.14789776420481734
365,1745407703.287151,1745407703.337268,True,,ORB,1164,1164,1164,1164,1164,1.0,0.0,0.0,0.0,0.0,0.0,True,True,0.0,0.0,True,,600,600,0.0,0.0,0.0,0.0,1.0,0.18498003058095505
366,1745407703.337268,1745407703.387524,True,,ORB,1164,1166,1164,812,715,0.8805418719211823,1.44000244140625,2.983879804611206,0.0,73.23181915283203,1.5552391862869261,False,False,0.018404413014650345,0.04313725605607033,True,,600,600,1.557835578918457,3.5566799640655518,39.860233306884766,85.46528625488281,0.9983333333333333,0.163131078015759
367,1745407703.387524,1745407703.437938,True,,ORB,1166,1152,1166,375,302,0.8053333333333333,2.2255966663360596,8.542623519897461,0.0,56.30826950073242,1.5293772220611572,False,False,0.02657211385667324,0.07058823853731155,True,,600,585,1.294726014137268,9.446524620056152,-19.440032958984375,97.92318725585938,0.7948717948717948,0.18484338146829604
368,1745407703.437938,1745407703.488652,True,,ORB,1152,1150,1152,388,289,0.7448453608247423,0.0,7.342599391937256,0.0,29.28078269958496,0.8038777531588756,False,False,0.023882737383246422,0.062745101749897,True,,600,598,1.0405170917510986,10.767485618591309,0.0,86.51395416259766,0.7725752508361204,0.27002870053300804
369,1745407703.488652,1745407703.538757,True,,ORB,1150,1149,1150,514,303,0.5894941634241245,12.218795776367188,14.195669174194336,-67.63531494140625,72.97142791748047,10.992447428507347,False,False,0.06024893373250961,0.16470588743686676,True,,600,584,12.489473342895508,15.016056060791016,12.937990188598633,92.70186614990234,0.8801369863013698,0.22464183412227567
370,1745407703.538757,1745407703.589313,True,,ORB,1149,1136,1149,605,584,0.9652892561983472,0.0,0.0,0.0,5.5979485511779785,0.0007655450672609731,False,True,0.015446999110281467,0.0470588244497776,True,,600,600,0.0009920670418068767,11.815024375915527,0.0,51.87091064453125,0.7716666666666666,0.32748192591422737
371,1745407703.589313,1745407703.640481,True,,ORB,1136,1150,1136,263,159,0.6045627376425855,10.0,13.190592765808105,26.565000534057617,66.02507019042969,6.918307812369649,False,False,0.04107021912932396,0.10980392247438431,True,,600,597,10.198098182678223,14.889025688171387,28.589988708496094,86.36577606201172,0.678391959798995,0.20972059834992465
372,1745407703.640481,1745407703.691016,True,,ORB,1150,1144,1150,627,352,0.5614035087719298,8.400009155273438,9.953285217285156,-18.435068130493164,81.1023178100586,8.480955866898896,False,False,0.04598933830857277,0.11372549086809158,True,,600,593,8.671046257019043,10.509352684020996,25.176698684692383,86.58151245117188,0.9780775716694773,0.331938143022366
373,1745407703.691016,1745407703.741946,True,,ORB,1144,1144,1144,1144,1144,1.0,0.0,0.0,0.0,0.0,0.0,True,True,0.0,0.0,True,,600,600,0.0,0.0,0.0,0.0,1.0,0.34408357574342335
374,1745407703.741946,1745407703.791967,True,,ORB,1144,1136,1144,688,452,0.6569767441860465,6.118825912475586,7.4649658203125,0.0,81.40255737304688,6.55783089920504,False,False,0.04046716168522835,0.09803921729326248,True,,600,597,6.646901607513428,8.54484748840332,16.887788772583008,85.80995178222656,0.9865996649916248,0.18437234497298763
375,1745407703.791967,1745407703.843177,True,,ORB,1136,1152,1136,698,469,0.671919770773639,5.322538375854492,6.557294845581055,0.0,79.00496673583984,5.57305721308561,False,False,0.036910250782966614,0.08627451211214066,True,,600,596,5.610713005065918,7.449097633361816,16.602359771728516,83.35537719726562,0.9932885906040269,0.27611838632243885
376,1745407703.843177,1745407703.893699,True,,ORB,1152,1152,1152,1152,1152,1.0,0.0,0.0,0.0,0.0,0.0,True,True,0.0,0.0,True,,600,600,0.0,0.0,0.0,0.0,1.0,0.3665580695026577
377,1745407703.893699,1745407703.944507,True,,ORB,1152,1143,1152,706,487,0.6898016997167139,4.947732448577881,6.2303876876831055,0.0,76.15060424804688,4.983353793319522,False,False,0.03508482873439789,0.08235294371843338,True,,600,593,5.060152053833008,7.066615581512451,11.833609580993652,82.03817749023438,0.984822934232715,0.34981045319461235
378,1745407703.944507,1745407703.995479,True,,ORB,1143,1143,1143,1143,1143,1.0,0.0,0.0,0.0,0.0,0.0,True,True,0.0,0.0,True,,600,600,0.0,0.0,0.0,0.0,1.0,0.253499282564279
379,1745407703.995479,1745407704.045613,True,,ORB,1143,1129,1143,731,495,0.6771545827633378,4.553687572479248,6.082762718200684,0.0,74.06497955322266,4.685518801311818,False,False,0.034111250191926956,0.0784313753247261,True,,600,599,4.756992816925049,6.727738380432129,12.729434967041016,78.69600677490234,0.9849749582637729,0.40095924110843606
380,1745407704.045613,1745407704.095907,True,,ORB,1129,1111,1129,924,924,1.0,0.0,0.0,0.0,5.74491024017334,0.0006350160009848576,True,True,0.005147250834852457,0.01568627543747425,True,,600,600,0.0006591861601918936,1.7349350452423096,0.0,56.82278823852539,0.9633333333333334,0.19295422846294427
381,1745407704.095907,1745407704.146,True,,ORB,1111,1145,1111,615,467,0.759349593495935,3.8639321327209473,5.385164737701416,56.309932708740234,61.27486038208008,3.443022100423092,False,False,0.02749006263911724,0.06666667014360428,True,,600,598,3.5932412147521973,5.438936710357666,42.70946502685547,84.69808959960938,0.9581939799331104,0.3406164707143063
382,1745407704.146,1745407704.196115,True,,ORB,1145,1145,1145,1145,1145,1.0,0.0,0.0,0.0,0.0,0.0,True,True,0.0,0.0,True,,600,600,0.0,0.0,0.0,0.0,1.0,0.2926479200403093
383,1745407704.196115,1745407704.248466,True,,ORB,1145,1145,1145,1145,1145,1.0,0.0,0.0,0.0,0.0,0.0,True,True,0.0,0.0,True,,600,600,0.0,0.0,0.0,0.0,1.0,0.3115429673398549
384,1745407704.248466,1745407704.29877,True,,ORB,1145,1119,1145,628,470,0.7484076433121019,4.076469421386719,5.566262722015381,45.00019454956055,60.934776306152344,3.1420906894158995,False,False,0.025324661284685135,0.062745101749897,True,,600,596,3.362093448638916,6.5734429359436035,16.13146209716797,70.7826156616211,0.9345637583892618,0.2858397726176979
385,1745407704.29877,1745407704.349247,True,,ORB,1119,1135,1119,858,858,1.0,0.0,2.0736083984375,0.0,9.755558967590332,0.0005418424616041391,False,True,0.008905618451535702,0.0235294122248888,True,,600,598,0.0005644978955388069,2.665942430496216,0.0,60.10845947265625,0.959866220735786,0.35040860991763023
386,1745407704.349247,1745407704.40101,True,,ORB,1135,1135,1135,1135,1135,1.0,0.0,0.0,0.0,0.0,0.0,True,True,0.0,0.0,True,,600,600,0.0,0.0,0.0,0.0,1.0,0.13361590565074716
387,1745407704.40101,1745407704.452145,True,,ORB,1135,1130,1135,730,532,0.7287671232876712,3.5999984741210938,5.091980934143066,0.0,69.84349060058594,3.673111524581909,False,False,0.03072395734488964,0.07058823853731155,True,,600,600,3.7102136611938477,6.161097049713135,9.110260009765625,75.2644271850586,0.99,0.25387806419106834
388,1745407704.452145,1745407704.50215,True,,ORB,1130,1115,1130,850,850,1.0,0.0,2.2360680103302,0.0,15.136514663696289,0.5294190615415573,False,True,0.010492436587810516,0.027450980618596077,True,,600,600,0.5572832226753235,4.427631855010986,0.0,80.00994873046875,0.95,0.39348948455277494
389,1745407704.50215,1745407704.55232,True,,ORB,1115,1132,1115,591,457,0.7732656514382402,3.605551242828369,5.191989898681641,45.0,52.0209846496582,2.5635273456573486,False,False,0.02238486334681511,0.054901961237192154,True,,600,600,2.443035364151001,4.969853401184082,9.512621879577637,88.31867980957031,0.9466666666666667,0.33066002406927714
390,1745407704.55232,1745407704.603178,True,,ORB,1132,1094,1132,528,350,0.6628787878787878,5.760005950927734,8.049858093261719,56.30995178222656,57.818992614746094,4.291371828768434,False,False,0.030987553298473358,0.0784313753247261,True,,600,595,4.977322101593018,10.493165969848633,10.402054786682129,71.5406494140625,0.8621848739495799,0.30560023933204916
391,1745407704.603178,1745407704.653544,True,,ORB,1094,1137,1094,792,792,1.0,0.0,2.0735983848571777,0.0,8.498165130615234,0.00060981094216307,False,True,0.010362726636230946,0.027450980618596077,True,,600,600,0.0006763152778148651,4.2728071212768555,0.0,58.7773551940918,0.9016666666666666,0.3384750374461939
392,1745407704.653544,1745407704.704834,True,,ORB,1137,1127,1137,858,807,0.9405594405594405,0.0,2.073582410812378,0.0,27.202314376831055,0.8848191118240356,False,False,0.010895106941461563,0.027450980618596077,True,,600,600,0.886296272277832,2.390263795852661,24.634456634521484,63.84889221191406,0.9983333333333333,0.20393159099269925
393,1745407704.704834,1745407704.754884,True,,ORB,1127,1126,1127,915,915,1.0,0.0,2.0736083984375,0.0,12.398674011230469,0.1857595555484295,False,True,0.006242781411856413,0.01568627543747425,True,,600,600,0.1873205602169037,1.4350173473358154,-12.89534854888916,66.2651138305664,0.9916666666666667,0.19282362803557354
394,1745407704.754884,1745407704.805789,True,,ORB,1126,1145,1126,743,643,0.8654104979811574,1.4399871826171875,2.48834228515625,0.0,55.502708435058594,1.3137763464450838,False,False,0.01644374430179596,0.03921568766236305,True,,600,600,1.342871904373169,2.638038396835327,14.880805969238281,76.1038818359375,0.9783333333333334,0.287360457602992
395,1745407704.805789,1745407704.855846,True,,ORB,1145,1145,1145,1145,1145,1.0,0.0,0.0,0.0,0.0,0.0,True,True,0.0,0.0,True,,600,600,0.0,0.0,0.0,0.0,1.0,0.1874126730800322
396,1745407704.855846,1745407704.906175,True,,ORB,1145,1139,1145,759,648,0.8537549407114624,1.1999969482421875,2.4883131980895996,0.0,58.677120208740234,0.8468238865592842,False,False,0.011508233845233917,0.027450980618596077,True,,600,599,0.8685745000839233,1.2259308099746704,-3.7567250728607178,84.19281005859375,0.9749582637729549,0.2573193298052446
397,1745407704.906175,1745407704.956845,True,,ORB,1139,1137,1139,821,757,0.9220462850182704,0.0,2.2360680103302,0.0,39.18488693237305,0.8082046051820119,False,False,0.009538412094116211,0.027450980618596077,True,,600,600,0.809553861618042,2.1552960872650146,12.183088302612305,85.24795532226562,0.9983333333333333,0.20957295914219803
398,1745407704.956845,1745407705.007083,True,,ORB,1137,1127,1137,738,663,0.8983739837398373,1.0,2.9325027465820312,0.0,42.61185836791992,0.8102745449543,False,False,0.01146838627755642,0.027450980618596077,True,,600,600,0.8296326398849487,2.309260129928589,0.0,91.45535278320312,0.9766666666666667,0.2799191781697018
399,1745407705.007083,1745407705.058047,True,,ORB,1127,1133,1127,837,781,0.9330943847072879,0.0,1.727996826171875,0.0,29.748613357543945,0.4302583067119122,True,True,0.006447227671742439,0.01568627543747425,True,,600,600,0.4368104636669159,1.0389324426651,26.678634643554688,99.19490051269531,0.985,0.21867100934694894
400,1745407705.058047,1745407705.108316,True,,ORB,1133,1133,1133,1133,1133,1.0,0.0,0.0,0.0,0.0,0.0,True,True,0.0,0.0,True,,600,600,0.0,0.0,0.0,0.0,1.0,0.17501018284888537
401,1745407705.108316,1745407705.159294,True,,ORB,1133,1118,1133,844,844,1.0,0.0,2.0735983848571777,0.0,47.01791000366211,0.5590684413909912,False,True,0.007401463575661182,0.01568627543747425,True,,600,600,0.5590684413909912,0.8850851655006409,40.81714630126953,103.57510375976562,1.0,0.2700284910101358
402,1745407705.159294,1745407705.209965,True,,ORB,1118,1119,1118,907,907,1.0,0.0,1.20001220703125,0.0,22.508358001708984,0.3030182719230652,True,True,0.0036819090601056814,0.007843137718737125,True,,600,600,0.3030182719230652,0.5130873322486877,69.04939270019531,79.5042724609375,1.0,0.14370523564019128
403,1745407705.209965,1745407705.260214,True,,ORB,1119,1124,1119,828,828,1.0,0.0,2.0,0.0,34.07405471801758,0.37208080291748047,False,True,0.0052665825933218,0.0117647061124444,True,,600,600,0.37208080291748047,0.6896594762802124,-58.85243606567383,95.06065368652344,1.0,0.15186328988073466
404,1745407705.260214,1745407705.310644,True,,ORB,1124,1132,1124,793,696,0.8776796973518285,1.0,2.44378662109375,0.0,65.9330062866211,0.6482833623886108,False,False,0.008944336324930191,0.019607843831181526,True,,600,600,0.6482833623886108,0.941295862197876,11.63784408569336,107.559326171875,1.0,0.1973876425245589
405,1745407705.310644,1745407705.361721,True,,ORB,1132,1132,1132,1132,1132,1.0,0.0,0.0,0.0,0.0,0.0,True,True,0.0,0.0,True,,600,600,0.0,0.0,0.0,0.0,1.0,0.21267253799350952
406,1745407705.361721,1745407705.411995,True,,ORB,1132,1136,1132,764,661,0.8651832460732984,1.2000045776367188,2.4883170127868652,0.0,76.58409118652344,0.9085090658068656,False,False,0.011815966106951237,0.027450980618596077,True,,600,600,0.9100257754325867,1.3620320558547974,1.110185146331787,107.25086212158203,0.9983333333333333,0.14642766192219292
407,1745407705.411995,1745407705.462998,True,,ORB,1136,1136,1136,1136,1136,1.0,0.0,0.0,0.0,0.0,0.0,True,True,0.0,0.0,True,,600,600,0.0,0.0,0.0,0.0,1.0,0.18333365360457163
408,1745407705.462998,1745407705.513731,True,,ORB,1136,1130,1136,781,683,0.8745198463508322,1.4142135381698608,2.4883270263671875,0.0,81.07778930664062,1.040754475593567,False,False,0.01330575905740261,0.027450980618596077,True,,600,600,1.051267147064209,1.5179953575134277,3.9486806392669678,105.43270874023438,0.99,0.14416190345025365
409,1745407705.513731,1745407705.564023,True,,ORB,1130,1130,1130,980,980,1.0,0.0,1.4142135381698608,0.0,14.407536506652832,0.2527400851249695,True,True,0.004463139921426773,0.0117647061124444,True,,600,600,0.2527400851249695,0.737841010093689,46.15675354003906,70.24488830566406,1.0,0.09772276773710432
410,1745407705.564023,1745407705.614571,True,,ORB,1130,1131,1130,766,682,0.8903394255874674,1.4142135381698608,2.4883270263671875,0.0,75.76799774169922,0.8289633745948474,False,False,0.011291398666799068,0.0235294122248888,True,,600,600,0.8359294533729553,1.5118135213851929,-27.57588005065918,99.92277526855469,0.9916666666666667,0.18668414820439364
411,1745407705.614571,1745407705.664824,True,,ORB,1131,1125,1131,808,662,0.8193069306930693,1.7280120849609375,2.9859848022460938,0.0,94.3838882446289,1.5645956993103027,False,False,0.017478592693805695,0.03921568766236305,True,,600,600,1.5645956993103027,2.2078311443328857,-2.4723801612854004,99.98912811279297,1.0,0.1072246665837671
412,1745407705.664824,1745407705.715389,True,,ORB,1125,1125,1125,1125,1125,1.0,0.0,0.0,0.0,0.0,0.0,True,True,0.0,0.0,True,,600,600,0.0,0.0,0.0,0.0,1.0,0.16048741044580425
413,1745407705.715389,1745407705.765576,True,,ORB,1125,1148,1125,794,659,0.8299748110831234,1.727996826171875,2.9859726428985596,0.0,90.58495330810547,1.4912371857961018,False,False,0.016579503193497658,0.03529411926865578,True,,600,600,1.4937267303466797,2.111339569091797,-9.900382995605469,97.77570343017578,0.9983333333333333,0.11717073789474947
414,1745407705.765576,1745407705.816344,True,,ORB,1148,1145,1148,772,684,0.8860103626943006,1.0,2.6373989582061768,0.0,51.62392044067383,0.870110337138176,False,False,0.01045050099492073,0.027450980618596077,True,,600,600,0.8744827508926392,1.9498467445373535,19.989057540893555,98.48606872558594,0.995,0.08378961185254438
415,1745407705.816344,1745407705.866432,True,,ORB,1145,1136,1145,770,693,0.9,0.0,2.488311767578125,0.0,50.50042724609375,0.8046614408493042,False,False,0.009423541836440563,0.0235294122248888,True,,600,600,0.8114233016967773,1.7023913860321045,-9.461919784545898,78.19877624511719,0.9916666666666667,0.12672160886526113
416,1745407705.866432,1745407705.916529,True,,ORB,1136,1134,1136,769,635,0.8257477243172952,1.7888407707214355,2.9859848022460938,0.0,85.30384063720703,1.6469714645544689,False,False,0.017932290211319923,0.03921568766236305,True,,600,600,1.677729845046997,2.4967010021209717,-14.412269592285156,96.31245422363281,0.9816666666666667,0.09022922480660207
417,1745407705.916529,1745407705.967463,True,,ORB,1134,1134,1134,1134,1134,1.0,0.0,0.0,0.0,0.0,0.0,True,True,0.0,0.0,True,,600,600,0.0,0.0,0.0,0.0,1.0,0.1061998620950144
418,1745407705.967463,1745407706.018046,True,,ORB,1134,1126,1134,730,623,0.8534246575342466,1.727996826171875,2.9325146675109863,0.0,87.13983154296875,1.549769401550293,False,False,0.01717507280409336,0.03921568766236305,True,,600,600,1.5787124633789062,2.2633607387542725,-13.810775756835938,94.659423828125,0.9816666666666667,0.06981180461211567
419,1745407706.018046,1745407706.068515,True,,ORB,1126,1119,1126,767,666,0.8683181225554107,1.727996826171875,2.985980272293091,0.0,75.04547882080078,1.0777738094329834,False,False,0.014176107943058014,0.0313725508749485,True,,600,600,1.0850071907043457,2.2154576778411865,-19.849647521972656,95.2651138305664,0.9933333333333333,0.0794944324088231
420,1745407706.068515,1745407706.118901,True,,ORB,1119,1134,1119,949,949,1.0,0.0,1.1999969482421875,0.0,13.817614555358887,0.0006520095203692715,True,True,0.00530671700835228,0.01568627543747425,True,,600,600,0.0006574885919690132,0.9558924436569214,0.0,72.32283782958984,0.9916666666666667,0.06299095739866221
421,1745407706.118901,1745407706.169547,True,,ORB,1134,1142,1134,770,643,0.8350649350649351,2.0,2.985992431640625,0.0,86.20404052734375,1.7936973363161086,False,False,0.01858365908265114,0.04313725605607033,True,,600,600,1.8027108907699585,2.718284845352173,-9.55858039855957,95.02520751953125,0.995,0.07542928359861603
422,1745407706.169547,1745407706.220273,True,,ORB,1142,1141,1142,824,824,1.0,0.0,2.0735931396484375,0.0,34.728050231933594,0.6988486142953236,False,True,0.007576612755656242,0.019607843831181526,True,,600,600,0.7000153064727783,1.4896233081817627,14.784878730773926,98.4474105834961,0.9983333333333333,0.06845995331287653
423,1745407706.220273,1745407706.270966,True,,ORB,1141,1146,1141,753,662,0.8791500664010624,1.1999969482421875,2.4883193969726562,0.0,60.98697280883789,0.8408653492728869,False,False,0.010995499789714813,0.027450980618596077,True,,600,600,0.847931444644928,1.742218255996704,-17.226659774780273,79.93131256103516,0.9916666666666667,0.04432089547155397
424,1745407706.270966,1745407706.322011,True,,ORB,1146,1146,1146,1146,1146,1.0,0.0,0.0,0.0,0.0,0.0,True,True,0.0010455347364768386,0.0,True,,600,600,0.0,0.001172498450614512,0.0,33.7315673828125,1.0,0.03731138346939433
425,1745407706.322011,1745407706.372957,True,,ORB,1146,1134,1146,803,717,0.8929016189290162,1.6970734596252441,2.9325132369995117,0.0,82.22976684570312,1.4902714943885804,False,False,0.016070351004600525,0.03529411926865578,True,,600,600,1.49776029586792,1.8700014352798462,-16.772457122802734,93.6255874633789,0.995,0.04740041895595451
426,1745407706.372957,1745407706.42309,True,,ORB,1134,1131,1134,1019,1019,1.0,0.0,0.0,0.0,5.44356107711792,0.0006071296520531178,True,True,0.0029473614413291216,0.007843137718737125,True,,600,600,0.0006071296520531178,0.8478796482086182,0.0,64.5936050415039,1.0,0.04570718544612241
427,1745407706.42309,1745407706.474002,True,,ORB,1131,1134,1131,777,695,0.8944658944658944,1.6970546245574951,2.7647078037261963,0.0,75.78001403808594,1.328721523284912,False,False,0.014580002054572105,0.0313725508749485,True,,600,600,1.328721523284912,1.8911018371582031,-30.851505279541016,90.00205993652344,1.0,0.0331549785645005
428,1745407706.474002,1745407706.524647,True,,ORB,1134,1128,1134,817,712,0.8714810281517748,1.6970627307891846,2.8800048828125,0.0,71.98905181884766,1.0684741363302495,False,False,0.01409413293004036,0.0313725508749485,True,,600,599,1.0702608823776245,2.0843899250030518,-20.331771850585938,91.54023742675781,0.998330550918197,0.008191491585853155
429,1745407706.524647,1745407706.574726,True,,ORB,1128,1137,1128,993,993,1.0,0.0,1.2000045776367188,0.0,13.98566722869873,0.0005843739269766956,True,True,0.004636029712855816,0.0117647061124444,True,,600,600,0.0005853495094925165,0.9124415516853333,0.0,57.520442962646484,0.9983333333333333,0.02813643607141125
430,1745407706.574726,1745407706.625564,True,,ORB,1137,1138,1137,816,697,0.8541666666666666,2.036465644836426,2.985992431640625,-44.99983215332031,77.96324920654297,1.8972220420837402,False,False,0.019080327823758125,0.04313725605607033,True,,600,599,1.8972220420837402,2.573700189590454,-25.74696922302246,89.32364654541016,1.0,0.018426411674708272
431,1745407706.625564,1745407706.67578,True,,ORB,1138,1138,1138,1138,1138,1.0,0.0,0.0,0.0,0.0,0.0,True,True,0.0,0.0,True,,600,600,0.0,0.0,0.0,0.0,1.0,0.011316329731892477
432,1745407706.67578,1745407706.726619,True,,ORB,1138,1145,1138,815,690,0.8466257668711656,1.727996826171875,2.9859817028045654,0.0,80.13155364990234,1.6318036317825317,False,False,0.017300494015216827,0.03921568766236305,True,,600,600,1.6318036317825317,2.2184715270996094,-25.239587783813477,88.8382797241211,1.0,0.0052392622763528995
433,1745407706.726619,1745407706.776781,True,,ORB,1145,1145,1145,1145,1145,1.0,0.0,0.0,0.0,0.0,0.0,True,True,0.0,0.0,True,,600,600,0.0,0.0,0.0,0.0,1.0,0.007718850134822921
434,1745407706.776781,1745407706.827142,True,,ORB,1145,1147,1145,814,739,0.9078624078624079,0.0,2.350816011428833,0.0,41.89579391479492,0.7062863111495972,False,True,0.008730105124413967,0.0235294122248888,True,,600,600,0.7062863111495972,1.4331152439117432,-38.83391571044922,91.7393569946289,1.0,0.004760236653944625
435,1745407706.827142,1745407706.877627,True,,ORB,1147,1140,1147,822,767,0.9330900243309003,0.0,2.0736083984375,0.0,45.52278137207031,0.6868389844894409,False,True,0.007889878936111927,0.019607843831181526,True,,600,599,0.6868389844894409,1.1741057634353638,0.0,73.86747741699219,1.0,0.004170145321520564
436,1745407706.877627,1745407706.928155,True,,ORB,1140,1130,1140,837,745,0.8900836320191159,1.1999969482421875,2.488311767578125,0.0,63.102046966552734,1.099395513534546,False,False,0.012129710987210274,0.027450980618596077,True,,600,600,1.099395513534546,1.5706478357315063,-26.56970977783203,89.11944580078125,1.0,0.008511687565275946
437,1745407706.928155,1745407706.978777,True,,ORB,1130,1125,1130,1063,1063,1.0,0.0,0.0,0.0,6.922300815582275,0.00030825569410808384,True,True,0.0012156289303675294,0.003921568859368563,True,,600,600,0.00030825569410808384,0.40047651529312134,0.0,62.78099060058594,1.0,0.010463762898703894
438,1745407706.978777,1745407707.029088,True,,ORB,1125,1124,1125,811,720,0.8877928483353884,1.4142135381698608,2.488311767578125,0.0,74.62031555175781,1.1983752979062037,False,False,0.01358769927173853,0.0313725508749485,True,,600,599,1.2023899555206299,1.6924258470535278,-27.43514060974121,88.83209991455078,0.996661101836394,0.008547514141552307
439,1745407707.029088,1745407707.080035,True,,ORB,1124,1124,1124,857,812,0.9474912485414235,0.0,1.727996826171875,0.0,22.78565216064453,0.4861053228378296,True,True,0.006229416001588106,0.01568627543747425,True,,600,600,0.4861053228378296,1.1245888471603394,0.0,92.92716217041016,1.0,0.009523187218802442
440,1745407707.080035,1745407707.130361,True,,ORB,1124,1124,1124,777,693,0.8918918918918919,1.0,2.488311767578125,0.0,55.67350387573242,0.7241965645551681,False,False,0.0097447345033288,0.0235294122248888,True,,600,600,0.7254055738449097,1.4075442552566528,-23.53457260131836,80.65953063964844,0.9983333333333333,0.01983654510749983
441,1745407707.130361,1745407707.180559,True,,ORB,1124,1128,1124,792,712,0.898989898989899,1.0,2.4393625259399414,0.0,56.90073776245117,0.8036075107256571,False,False,0.010360619984567165,0.0235294122248888,True,,600,600,0.8090008497238159,1.193455696105957,-37.142005920410156,85.5121841430664,0.9933333333333333,0.01440829257065828
442,1745407707.180559,1745407707.230958,True,,ORB,1128,1128,1128,1128,1128,1.0,0.0,0.0,0.0,0.0,0.0,True,True,0.0,0.0,True,,600,600,0.0,0.0,0.0,0.0,1.0,0.023391933455857297
443,1745407707.230958,1745407707.281203,True,,ORB,1128,1134,1128,782,731,0.9347826086956522,1.0,2.0736007690429688,0.0,53.73765182495117,0.746737161676089,False,False,0.009740177541971207,0.0235294122248888,True,,600,600,0.7555519342422485,1.1713682413101196,-36.04226303100586,85.16754913330078,0.9883333333333333,0.021161772832167046
444,1745407707.281203,1745407707.331806,True,,ORB,1134,1129,1134,1040,1040,1.0,0.0,0.0,0.0,6.235901832580566,0.0013587051071226597,True,True,0.0021230089478194714,0.007843137718737125,True,,600,600,0.0013587051071226597,0.3999010920524597,0.0,57.43535232543945,1.0,0.01849132228913741
445,1745407707.331806,1745407707.382111,True,,ORB,1129,1144,1129,853,804,0.9425556858147714,0.0,1.727996826171875,0.0,34.06132888793945,0.4363161027431488,True,True,0.006656882353127003,0.01568627543747425,True,,600,600,0.4363161027431488,0.8125414252281189,-44.567203521728516,84.65231323242188,1.0,0.026839869563780157
446,1745407707.382111,1745407707.432323,True,,ORB,1144,1129,1144,859,859,1.0,0.0,1.727996826171875,0.0,30.51361656188965,0.3953731954097748,True,True,0.005884038284420967,0.01568627543747425,True,,600,600,0.3953731954097748,0.739316463470459,-38.37433624267578,84.69059753417969,1.0,0.019950240369552702
447,1745407707.432323,1745407707.482749,True,,ORB,1129,1125,1129,1036,1036,1.0,0.0,0.0,0.0,5.949996471405029,0.0007164580747485161,True,True,0.00205325148999691,0.007843137718737125,True,,600,600,0.0007164580747485161,0.3337492048740387,0.0,61.742305755615234,1.0,0.019920025828406573
448,1745407707.482749,1745407707.534149,True,,ORB,1125,1129,1125,853,816,0.9566236811254396,0.0,1.44000244140625,0.0,28.7061710357666,0.46044236421585083,True,True,0.006039388943463564,0.01568627543747425,True,,600,600,0.46044236421585083,0.6771321892738342,-49.6534309387207,81.18365478515625,1.0,0.023108712357104013
449,1745407707.534149,1745407707.584444,True,,ORB,1129,1129,1129,1122,1122,1.0,0.0,0.0,0.0,0.5687438249588013,0.0,True,True,0.0001809513196349144,0.0,True,,600,600,0.0,0.0008221201132982969,0.0,34.958194732666016,1.0,0.028810047598024056
450,1745407707.584444,1745407707.635405,True,,ORB,1129,1122,1129,834,834,1.0,0.0,1.727996826171875,0.0,28.513710021972656,0.4199000895023346,True,True,0.005703451111912727,0.0117647061124444,True,,600,600,0.4199000895023346,0.6537293195724487,-41.40978240966797,83.16354370117188,1.0,0.027365126266838458
451,1745407707.635405,1745407707.68607,True,,ORB,1122,1122,1122,1122,1122,1.0,0.0,0.0,0.0,0.0,0.0,True,True,0.0,0.0,True,,600,600,0.0,0.0,0.0,0.0,1.0,0.02687696294227746
452,1745407707.68607,1745407707.736991,True,,ORB,1122,1124,1122,869,848,0.9758342922899885,0.0,1.4193713665008545,0.0,20.10853385925293,0.33585792779922485,True,True,0.00480403658002615,0.0117647061124444,True,,600,600,0.33585792779922485,0.568466305732727,-41.57170867919922,82.82726287841797,1.0,0.025473504631289296
